,1995,1996,1997,1998,1999,2000,2001,2002,2003,2004,2005,2006,2007,2008,2009,2010,2011,2012,2013,2014,2015,2016,2017,2018,2019,2020,2021,2022,2023,2024,2025,
Aa en Hunze,,,,89,89,89,91,92,91,91,91,92,92,92,93,92,93,93,92,92,91,91,92,92,92,92,92,93,93,94,94
GM0738,222,222,225,229,232,233,236,238,240,242,241,242,244,246,249,250,252,253,253,255,256,259,259,261,,,,,,,
Aalsmeer,965,973,974,988,984,984,993,1057,1106,1109,1128,1173,1216,1282,1367,1425,1477,1486,1501,1508,1524,1555,1559,1566,1577,1584,1590,1615,1645,1656,1654
Aalten,222,223,225,227,226,226,227,227,227,229,284,285,285,285,284,285,284,283,281,280,279,279,280,279,280,281,281,281,282,283,285
GM0480,481,480,475,473,471,468,469,469,469,465,464,464,,,,,,,,,,,,,,,,,,,
GM0739,357,356,,,,,,,,,,,,,,,,,,,,,,,,,,,,,
GM0305,265,264,266,277,281,280,280,281,283,284,283,285,285,286,286,288,,,,,,,,,,,,,,,
Achtkarspelen,272,272,273,273,273,273,273,273,274,274,274,275,274,274,274,274,275,274,275,274,274,274,273,273,272,272,273,274,275,276,276
GM0360,474,471,468,484,485,490,501,,,,,,,,,,,,,,,,,,,,,,,,
Alblasserdam,2007,2008,2023,2025,2052,2064,2090,2087,2097,2093,2089,2098,2126,2131,2144,2164,2186,2216,2239,2257,2262,2270,2276,2280,2286,2297,2294,2290,2320,2316,2307
Albrandswaard,679,687,684,690,709,736,794,811,845,884,929,952,973,1015,1054,1109,1128,1143,1151,1150,1153,1150,1155,1163,1165,1180,1190,1197,1217,1220,1233
GM0483,537,538,535,535,536,535,534,534,535,537,538,538,539,537,,,,,,,,,,,,,,,,,
Alkmaar,3526,3528,3472,3095,3093,3091,3098,3097,3165,3190,3195,3211,3202,3192,3191,3206,3210,3222,3228,3240,969,974,981,982,983,991,995,1004,1014,1018,1023
Almelo,1718,1723,1685,1696,1707,1713,1039,1048,1064,1071,1072,1069,1069,1072,1075,1077,1077,1079,1081,1077,1074,1076,1077,1080,1083,1087,1087,1089,1101,1106,1113
Almere,792,853,895,954,1025,1085,1143,1207,1265,1308,1341,1369,1388,1406,1431,1449,1471,1490,1510,1516,1523,1533,1555,1579,1609,1640,1662,1686,1725,1753,1777
Alphen aan den Rijn,1217,1226,1229,1245,1257,1268,1273,1281,1284,1280,1282,1289,1291,1301,1311,1317,1321,1324,1327,844,849,854,861,869,879,886,892,897,907,913,919
GM0741,111,110,,,,,,,,,,,,,,,,,,,,,,,,,,,,,
Alphen-Chaam,,,100,101,101,101,102,101,101,101,102,102,102,101,101,101,102,102,104,104,105,107,108,108,109,110,111,112,113,112,113
Altena,,,,,,,,,,,,,,,,,,,,,,,,,276,279,281,285,289,292,294
GM0142,64,65,65,66,66,66,,,,,,,,,,,,,,,,,,,,,,,,,
GM1679,252,253,252,251,250,250,250,250,249,249,247,249,,,,,,,,,,,,,,,,,,,
Ameland,59,60,59,59,60,60,61,61,60,59,59,59,58,58,59,60,60,60,60,61,61,62,62,62,62,63,63,66,68,68,67
GM0306,246,249,251,248,246,248,245,245,245,246,247,,,,,,,,,,,,,,,,,,,,
Amersfoort,2008,2052,2107,1921,1966,2006,2036,2063,2087,2113,2145,2180,2213,2247,2281,2308,2332,2358,2383,2402,2427,2447,2459,2479,2496,2512,2514,2538,2572,2590,2613
GM0198,444,448,449,451,,,,,,,,,,,,,,,,,,,,,,,,,,,
Amstelveen,1830,1867,1891,1913,1914,1929,1922,1861,1879,1898,1902,1898,1902,1903,1924,1946,1973,2011,2037,2052,2104,2150,2167,2185,2208,2229,2208,2246,2297,2311,2331
Amsterdam,4502,4476,4330,4348,4402,4429,4449,4454,4465,4480,4502,4469,4467,4493,4554,4625,4704,4767,4819,4888,4954,5042,5111,5160,5214,5273,5277,5336,4880,4950,4968
GM0364,294,297,295,299,302,301,301,303,301,303,303,305,311,311,307,308,,,,,,,,,,,,,,,
GM0199,170,172,172,173,176,180,181,182,191,197,,,,,,,,,,,,,,,,,,,,,
GM0105,87,87,88,,,,,,,,,,,,,,,,,,,,,,,,,,,,
GM0366,176,180,182,181,184,186,187,188,187,187,188,188,188,189,190,191,191,,,,,,,,,,,,,,
Apeldoorn,440,443,446,448,449,450,452,455,458,459,459,459,458,456,457,458,460,462,463,464,465,468,471,474,478,482,485,487,492,495,496
GM0003,519,519,516,514,513,516,521,522,523,521,522,516,511,509,509,505,509,507,507,507,505,505,503,496,493,490,,,,,
GM0885,219,220,219,220,220,222,222,221,226,224,224,224,222,221,220,,,,,,,,,,,,,,,,
GM0649,331,335,,,,,,,,,,,,,,,,,,,,,,,,,,,,,
Arnhem,1365,1370,1369,1382,1392,1402,1414,1428,1441,1441,1438,1449,1453,1463,1486,1501,1511,1523,1529,1540,1555,1571,1590,1607,1628,1649,1660,1677,1696,1715,1733
Assen,970,982,1004,684,696,710,716,731,750,754,764,772,785,798,810,816,820,820,821,821,820,819,825,827,830,838,841,842,848,851,860
Asten,231,232,228,227,227,225,226,228,229,229,231,232,233,233,233,233,232,234,234,234,236,236,238,238,238,238,240,243,246,246,248
GM0143,199,200,202,203,206,208,,,,,,,,,,,,,,,,,,,,,,,,,
GM0650,169,170,171,170,168,170,172,173,,,,,,,,,,,,,,,,,,,,,,,
Baarle-Nassau,79,79,79,80,80,81,83,85,85,86,86,87,88,87,88,88,88,88,88,87,87,87,87,89,90,90,91,91,93,93,95
Baarn,752,752,747,743,748,751,751,750,750,753,750,753,749,750,747,747,749,749,747,748,751,754,754,757,761,764,762,764,769,770,774
GM0745,122,123,,,,,,,,,,,,,,,,,,,,,,,,,,,,,
Barendrecht,1067,1116,1160,1204,1280,1397,1500,1642,1770,1838,1938,2054,2143,2239,2316,2346,2361,2373,2379,2380,2387,2412,2436,2455,2465,2467,2463,2488,2493,2487,2480
Barneveld,257,261,263,266,269,271,274,278,281,284,284,287,289,293,296,298,301,304,305,308,311,315,320,326,330,336,341,345,351,356,359
GM0144,189,190,191,190,197,198,199,200,201,203,,,,,,,,,,,,,,,,,,,,,
GM0005,237,237,235,239,239,244,244,245,244,243,241,239,238,237,235,234,235,236,237,236,234,234,235,235,,,,,,,
Beek,818,821,824,823,817,817,818,815,813,815,811,806,796,795,791,790,787,783,778,774,771,764,758,756,757,754,755,751,766,770,771
GM0746,581,585,,,,,,,,,,,,,,,,,,,,,,,,,,,,,
Beekdaelen,,,,,,,,,,,,,,,,,,,,,,,,,456,459,461,459,459,458,458
Beemster,114,116,118,118,119,120,120,122,121,121,121,121,120,120,121,122,121,124,124,126,126,127,130,135,138,142,143,,,,
Beesel,463,464,468,465,465,465,466,473,475,471,473,479,483,483,489,493,492,488,487,484,480,477,477,480,483,482,481,481,482,480,485
GM0107,89,90,92,,,,,,,,,,,,,,,,,,,,,,,,,,,,
GM0890,398,396,397,399,400,399,,,,,,,,,,,,,,,,,,,,,,,,,
GM0007,87,87,87,88,88,88,90,90,89,90,89,90,88,88,86,85,87,86,83,82,84,83,82,,,,,,,,
GM0206,411,415,442,446,461,474,653,663,,,,,,,,,,,,,,,,,,,,,,,
GM0372,2921,2898,2905,2932,2905,2914,2981,3040,3033,2986,2940,2932,2946,2911,,,,,,,,,,,,,,,,,
Berg en Dal,,,,,,,,,,,,,,,,,,,,,,400,402,402,403,405,406,405,410,411,412
GM0491,270,269,267,265,266,266,268,267,263,264,264,268,270,271,275,277,279,282,283,284,,,,,,,,,,,
Bergeijk,,,,,176,177,178,178,179,180,179,179,179,179,179,179,179,179,180,181,180,181,182,182,183,184,186,187,189,190,191
Bergen (L.),124,124,124,124,124,125,126,127,128,128,129,130,129,129,128,129,129,128,128,128,127,127,127,127,127,127,127,127,127,127,127
Bergen (NH.),431,431,432,432,425,420,326,329,327,327,326,325,323,322,321,319,318,316,312,310,309,308,307,303,303,302,300,300,304,302,300
Bergen op Zoom,1176,1196,782,792,800,805,808,813,818,819,821,821,817,815,819,822,826,826,826,827,826,829,828,830,836,844,844,849,861,872,878
GM0749,204,206,176,176,,,,,,,,,,,,,,,,,,,,,,,,,,,
GM0207,241,242,244,246,245,246,247,246,248,247,,,,,,,,,,,,,,,,,,,,,
GM0492,551,580,612,665,769,844,889,921,1020,1066,1087,1125,,,,,,,,,,,,,,,,,,,
GM0493,846,852,860,863,888,907,912,910,925,942,971,1031,,,,,,,,,,,,,,,,,,,
GM0751,534,540,,,,,,,,,,,,,,,,,,,,,,,,,,,,,
Berkelland,,,,,,,,,,,175,175,175,175,175,174,173,174,173,173,172,172,171,171,170,170,170,170,171,170,170
GM0752,362,,,,,,,,,,,,,,,,,,,,,,,,,,,,,,
Bernheze,,311,313,315,315,318,319,321,321,322,325,329,330,331,330,331,331,332,332,331,331,333,337,340,343,348,351,353,360,363,363
GM0568,215,217,218,217,222,222,222,222,222,221,221,221,221,219,219,217,216,217,216,216,,,,,,,,,,,
Best,653,677,717,727,743,758,784,802,826,838,844,846,846,848,846,844,840,836,835,834,838,845,851,860,869,874,881,903,912,921,934
Beuningen,546,556,553,557,568,581,581,581,578,580,577,572,575,577,578,583,584,582,580,579,579,579,582,591,593,593,599,602,609,613,613
Beverwijk,1908,1911,1920,1917,1924,1934,1941,1933,1964,1996,1989,1967,1982,2010,2061,2093,2119,2172,2188,2189,2194,2202,2223,2232,2238,2262,2275,2293,2327,2336,2345
GM0063,107,109,109,109,110,110,111,113,114,119,119,119,119,118,118,118,118,117,115,115,115,114,114,,,,,,,,
De Bilt,1219,1209,1204,1214,1218,1213,631,635,638,636,636,634,634,633,633,634,634,635,634,634,636,641,647,648,648,652,656,657,663,661,662
GM0585,370,373,374,375,375,376,379,379,382,382,387,391,415,417,417,418,418,418,418,414,413,415,420,420,,,,,,,
Bladel,,,250,251,251,252,252,252,253,254,254,254,253,253,254,254,257,260,261,263,264,265,266,267,268,271,273,275,279,279,279
GM0754,316,318,,,,,,,,,,,,,,,,,,,,,,,,,,,,,
Blaricum,905,903,892,880,865,857,843,840,837,832,825,819,819,812,808,805,806,813,817,815,835,863,915,971,1008,1038,1076,1116,1128,1149,1169
GM0495,457,464,466,463,471,479,484,490,490,495,488,484,,,,,,,,,,,,,,,,,,,
Bloemendaal,441,441,444,437,442,440,443,450,449,446,448,448,449,445,556,555,555,555,558,555,560,561,575,583,588,592,590,597,602,598,593
GM0055,117,117,118,118,118,120,122,123,125,126,127,127,127,127,127,128,127,128,129,,,,,,,,,,,,
GM0497,510,513,516,516,522,525,526,526,522,520,518,517,517,518,519,519,,,,,,,,,,,,,,,
Bodegraven-Reeuwijk,,,,,,,,,,,,,,,,,432,434,433,435,438,442,446,450,457,463,468,474,482,485,493
Boekel,261,261,262,263,264,266,268,269,272,272,273,273,275,280,281,283,286,289,292,292,293,297,302,304,307,313,318,320,324,327,332
GM0009,154,157,159,160,160,160,165,165,163,158,159,158,160,161,164,164,165,165,166,165,164,162,161,161,,,,,,,
GM0064,1041,1025,1017,1027,1027,1019,1024,1032,1037,1030,1033,1044,1054,1069,1085,1094,,,,,,,,,,,,,,,
GM0211,183,185,186,186,186,188,190,190,189,189,,,,,,,,,,,,,,,,,,,,,
GM0108,100,100,101,,,,,,,,,,,,,,,,,,,,,,,,,,,,
Borger-Odoorn,,,,94,95,95,96,96,96,96,96,96,96,95,95,95,94,94,93,93,93,92,92,92,92,93,93,93,94,95,95
GM0897,655,661,661,659,654,651,,,,,,,,,,,,,,,,,,,,,,,,,
Borne,520,525,542,543,548,550,797,797,794,792,789,790,789,799,812,821,829,830,837,842,846,859,877,889,893,897,910,924,944,948,952
Borsele,149,151,152,153,153,154,155,156,157,157,158,158,158,159,159,160,160,160,160,159,159,160,160,160,161,161,161,161,164,163,163
GM0499,984,987,988,992,1003,1004,1002,1011,1030,1029,1034,1031,1025,1025,1018,1016,1011,1014,1024,,,,,,,,,,,,
Boxmeer,353,357,361,254,255,257,259,262,263,263,261,260,258,257,257,256,256,255,253,252,254,255,258,259,261,263,266,,,,
Boxtel,506,453,454,458,456,457,457,459,463,463,463,466,471,475,476,475,475,475,478,476,476,477,481,481,482,483,477,480,489,492,496
GM0212,202,205,208,210,,,,,,,,,,,,,,,,,,,,,,,,,,,
Breda,1724,1725,1232,1237,1252,1265,1278,1287,1296,1309,1325,1339,1344,1349,1358,1368,1381,1400,1413,1425,1435,1442,1447,1459,1462,1464,1464,1469,1483,1496,1502
GM0194,104,104,105,105,107,107,,,,,,,,,,,,,,,,,,,,,,,,,
GM0311,314,319,313,315,318,318,319,319,324,325,324,328,329,330,330,329,,,,,,,,,,,,,,,
Brielle,565,573,577,580,579,577,580,582,582,580,583,581,579,573,566,572,580,583,591,591,597,604,611,619,624,627,633,643,,,
GM0898,169,169,166,165,165,170,,,,,,,,,,,,,,,,,,,,,,,,,
Bronckhorst,,,,,,,,,,,133,133,133,133,134,133,133,132,131,130,130,129,128,128,128,127,127,127,128,127,127
GM0656,81,83,,,,,,,,,,,,,,,,,,,,,,,,,,,,,
GM0657,297,307,,,,,,,,,,,,,,,,,,,,,,,,,,,,,
Brummen,248,249,254,256,255,256,257,257,257,256,255,254,253,252,252,252,253,254,253,252,250,249,248,248,247,248,250,250,252,255,256
Brunssum,1777,1793,1791,1756,1757,1768,1764,1750,1744,1724,1735,1726,1724,1733,1721,1716,1707,1697,1690,1683,1666,1653,1648,1637,1629,1613,1604,1605,1606,1611,1597
GM0759,313,314,263,263,,,,,,,,,,,,,,,,,,,,,,,,,,,
Bunnik,382,383,380,378,376,375,371,373,382,381,383,385,383,386,390,391,391,391,394,395,396,400,410,412,411,411,415,422,434,436,441
Bunschoten,612,614,613,627,624,626,630,633,636,638,639,638,638,643,648,656,661,664,667,673,678,684,690,700,710,720,725,735,740,744,746
Buren,168,167,167,167,182,185,187,189,191,191,190,190,191,191,191,193,194,193,193,194,195,195,197,197,198,200,202,203,208,208,209
GM0381,3879,3837,3884,3883,3881,3842,3856,3851,3879,3883,3873,3875,3884,3933,3975,3992,4007,4029,4036,4036,4066,,,,,,,,,,
Capelle aan den IJssel,4116,4179,4283,4343,4387,4411,4464,4478,4569,4571,4580,4589,4573,4549,4578,4583,4638,4640,4644,4655,4676,4675,4671,4728,4725,4747,4761,4751,4777,4803,4852
Castricum,736,738,741,749,750,751,759,710,714,713,709,708,705,702,700,698,696,694,695,693,694,699,711,717,720,724,726,730,732,733,738
GM0760,126,127,,,,,,,,,,,,,,,,,,,,,,,,,,,,,
Coevorden,375,376,374,116,116,117,120,120,121,122,122,122,121,121,121,122,122,121,121,121,120,120,119,119,120,119,119,120,121,121,121
GM0314,222,,,,,,,,,,,,,,,,,,,,,,,,,,,,,,
Cranendonck,,,,,264,264,264,265,265,262,261,262,264,264,264,265,266,267,266,266,269,271,271,266,268,277,275,270,273,272,283
GM0611,227,229,231,231,233,235,235,236,239,240,240,240,239,236,236,236,235,235,235,234,235,234,235,236,,,,,,,
Cuijk,421,425,424,424,425,444,450,454,463,460,461,470,470,470,473,476,479,481,483,484,481,481,483,487,487,491,497,,,,
Culemborg,800,811,817,823,825,836,853,885,891,899,918,923,924,928,932,935,938,939,941,938,937,944,951,963,975,989,994,1004,1016,1023,1034
GM0110,85,87,88,,,,,,,,,,,,,,,,,,,,,,,,,,,,
Dalfsen,121,121,126,126,127,127,156,158,159,160,160,160,161,162,164,165,165,166,167,168,168,169,170,171,173,173,175,177,179,180,182
GM0065,228,229,231,233,232,231,231,230,229,230,229,228,227,226,,,,,,,,,,,,,,,,,
Dantumadiel,,,,,,,,,,,,,,,227,226,226,226,224,223,223,224,223,223,224,224,224,224,227,226,226
Delft,3627,3657,3689,3715,3737,3770,3773,3803,3804,4129,4095,4138,4151,4185,4227,4238,4281,4324,4340,4381,4425,4422,4437,4514,4554,4573,4572,4614,4681,4835,4861
GM0010,230,230,229,225,222,217,217,217,219,217,215,210,208,205,201,200,200,198,195,193,191,188,188,187,186,185,,,,,
GM0149,141,143,142,142,143,144,148,148,,,,,,,,,,,,,,,,,,,,,,,
Deurne,266,269,270,271,272,273,273,274,274,274,273,272,272,270,269,269,271,271,271,271,272,273,273,275,277,278,277,279,282,284,286
Deventer,1973,1972,1967,2011,796,797,807,817,833,848,728,735,736,741,746,751,752,752,751,749,751,753,757,763,765,771,775,777,787,792,799
GM0218,473,476,477,477,477,477,477,481,482,487,,,,,,,,,,,,,,,,,,,,,
Diemen,1920,1952,1986,1992,1991,2002,2004,2016,2006,2006,1996,1984,1988,2001,2034,2061,2086,2080,2103,2163,2224,2238,2274,2345,2434,2566,2612,2664,2744,2760,2781
GM0151,101,105,105,104,104,105,,,,,,,,,,,,,,,,,,,,,,,,,
GM0152,156,157,155,156,,,,,,,,,,,,,,,,,,,,,,,,,,,
GM0763,142,142,,,,,,,,,,,,,,,,,,,,,,,,,,,,,
GM0111,49,49,51,,,,,,,,,,,,,,,,,,,,,,,,,,,,
GM1980,,,,,,,,,,,,,,,,,,,,,,,,,,,,1417,1438,1455,1466
Dinkelland,,,,,,,,,148,148,148,148,148,149,148,148,148,148,148,148,148,149,149,150,150,151,151,151,152,152,152
GM0764,118,120,,,,,,,,,,,,,,,,,,,,,,,,,,,,,
GM0219,623,635,633,634,629,631,626,626,628,627,,,,,,,,,,,,,,,,,,,,,
GM0504,139,142,141,143,146,147,147,148,149,149,149,150,150,150,150,152,152,153,,,,,,,,,,,,,
GM0220,250,252,242,251,257,262,267,,,,,,,,,,,,,,,,,,,,,,,,
Doesburg,934,942,939,955,978,982,989,985,981,984,978,1002,1007,1004,992,1001,1005,1002,998,989,982,982,982,983,967,961,960,955,959,959,962
Doetinchem,839,841,851,866,884,897,912,930,940,947,717,718,711,711,710,710,709,711,714,713,714,719,722,726,728,734,737,741,749,754,760
GM0660,174,172,,,,,,,,,,,,,,,,,,,,,,,,,,,,,
Dongen,878,883,822,828,839,846,847,857,857,863,870,872,869,868,867,855,857,861,866,866,867,867,871,881,891,897,902,906,930,927,941
GM0058,145,144,144,143,143,143,146,147,149,150,150,150,149,148,147,146,145,145,145,145,144,144,144,142,,,,,,,
GM0315,464,460,455,453,450,448,455,459,458,461,462,,,,,,,,,,,,,,,,,,,,
Dordrecht,1417,1443,1458,1468,1485,1487,1489,1492,1509,1504,1500,1502,1498,1494,1496,1497,1504,1504,1503,1506,1508,1511,1510,1508,1511,1519,1517,1541,1566,1574,1583
Drechterland,376,386,394,400,408,413,420,421,426,434,439,313,314,318,323,326,327,327,326,326,327,329,329,330,333,335,337,339,346,348,348
GM0316,704,699,698,701,696,696,696,700,705,705,705,,,,,,,,,,,,,,,,,,,,
Drimmelen,,,,,275,276,276,277,278,277,277,278,276,277,277,276,275,277,278,278,278,281,281,284,285,287,287,289,295,297,298
Dronten,89,93,95,100,104,106,107,109,111,113,114,114,114,115,117,119,120,121,122,121,121,122,122,122,122,125,126,128,131,133,134
GM0767,573,573,,,,,,,,,,,,,,,,,,,,,,,,,,,,,
Druten,411,410,413,421,426,438,446,456,462,468,470,475,478,477,479,479,480,482,483,483,485,488,492,497,499,503,505,511,520,522,526
GM0662,129,129,,,,,,,,,,,,,,,,,,,,,,,,,,,,,
Duiven,680,693,709,715,718,735,752,761,768,758,755,752,753,751,753,755,753,752,753,755,753,750,749,750,747,741,739,736,736,734,736
GM0768,513,,,,,,,,,,,,,,,,,,,,,,,,,,,,,,
GM0769,172,170,,,,,,,,,,,,,,,,,,,,,,,,,,,,,
GM0112,57,58,59,,,,,,,,,,,,,,,,,,,,,,,,,,,,
GM0902,256,258,258,255,254,255,257,256,,,,,,,,,,,,,,,,,,,,,,,
GM0227,233,230,225,224,226,226,227,,,,,,,,,,,,,,,,,,,,,,,,
Echt-Susteren,,,,,,,,,313,314,316,313,314,312,311,313,313,312,311,310,310,310,309,308,307,307,308,308,310,311,313
Edam-Volendam,1583,1600,1622,1643,1661,1682,1696,1705,1720,1729,1737,1747,1749,1746,1749,1750,1753,1760,1765,1775,1785,652,659,662,664,666,668,671,677,680,684
Ede,310,312,315,318,319,320,322,326,329,331,334,336,338,338,338,339,340,342,345,348,351,353,356,360,364,368,373,377,384,388,390
GM0113,438,436,437,,,,,,,,,,,,,,,,,,,,,,,,,,,,
Eemnes,261,264,265,267,270,277,279,277,278,279,283,285,287,289,286,285,285,284,283,283,284,286,290,294,294,298,302,304,309,314,320
Eemsdelta,,,,,,,,,,,,,,,,,,,,,,,,,,,170,169,169,168,167
GM1651,85,85,85,86,86,87,88,90,90,89,88,88,88,87,87,86,86,86,85,84,83,84,83,82,,,,,,,
Eersel,355,357,221,221,221,222,222,223,223,222,222,221,219,219,220,220,220,220,221,220,222,225,225,228,232,234,237,240,243,245,247
GM0357,365,365,365,363,360,361,,,,,,,,,,,,,,,,,,,,,,,,,
GM0229,140,141,141,141,142,142,143,143,144,142,,,,,,,,,,,,,,,,,,,,,
GM0905,562,568,575,576,609,614,610,608,605,601,595,593,590,582,578,579,,,,,,,,,,,,,,,
Eijsden-Margraten,,,,,,,,,,,,,,,,,322,323,324,323,322,324,327,329,331,332,334,333,335,336,338
Eindhoven,2206,2265,2265,2271,2289,2310,2330,2345,2363,2369,2375,2385,2391,2398,2420,2438,2463,2476,2492,2520,2546,2564,2587,2614,2643,2674,2689,2708,2769,2800,2829
Elburg,328,328,336,339,337,339,340,340,339,341,345,346,348,348,346,347,350,351,353,355,358,359,361,362,362,363,367,372,377,375,375
GM0231,486,495,506,503,506,509,,,,,,,,,,,,,,,,,,,,,,,,,
Emmen,339,340,342,307,308,311,315,318,321,321,322,322,323,324,325,325,325,324,323,322,321,321,321,320,320,319,319,322,324,326,327
Enkhuizen,1276,1281,1287,1311,1322,1350,1357,1360,1378,1388,1394,1429,1438,1436,1460,1464,1463,1471,1444,1449,1446,1455,1457,1457,1459,1466,1469,1470,1491,1492,1488
Enschede,1053,1052,1054,1058,1061,1068,1065,1071,1080,1084,1089,1095,1096,1098,1107,1114,1119,1121,1125,1125,1125,1123,1122,1124,1129,1134,1134,1141,1146,1149,1153
Epe,214,214,213,213,213,212,212,213,213,213,212,211,211,211,211,211,210,208,207,207,206,207,208,211,212,213,213,213,213,212,214
Ermelo,313,312,315,315,312,312,313,312,312,310,308,306,307,307,307,307,305,305,305,304,306,310,311,313,314,315,315,318,321,325,328
GM0776,446,,,,,,,,,,,,,,,,,,,,,,,,,,,,,,
Etten-Leur,585,592,633,644,651,668,681,696,710,715,719,728,733,730,741,750,755,760,764,765,768,774,778,787,792,793,793,799,806,818,822
GM0068,92,91,90,89,,,,,,,,,,,,,,,,,,,,,,,,,,,
GM1722,,,,,89,90,90,91,92,92,92,92,91,91,90,90,91,90,91,90,89,89,89,87,,,,,,,
GM0778,149,147,,,,,,,,,,,,,,,,,,,,,,,,,,,,,
GM0070,200,198,198,196,195,197,198,202,204,205,204,203,200,200,200,201,202,200,200,199,198,198,197,,,,,,,,
GM1921,,,,,,,,,,,,,,,,,,,,146,146,,,,,,,,,,
De Fryske Marren,,,,,,,,,,,,,,,,,,,,,,146,147,147,146,147,147,147,148,148,149
GM0653,100,100,101,102,104,106,107,108,108,107,107,108,108,107,108,108,107,107,107,,,,,,,,,,,,
GM0115,106,106,105,,,,,,,,,,,,,,,,,,,,,,,,,,,,
Geertruidenberg,1448,1450,769,774,775,782,777,777,775,775,772,776,776,777,781,792,800,806,808,810,810,812,807,808,808,809,817,825,831,829,825
GM0236,230,233,234,237,240,246,250,252,257,257,263,263,263,264,263,263,262,263,263,263,264,264,266,269,,,,,,,
GM0781,1348,1351,1969,1975,1984,2002,2034,2047,2035,,,,,,,,,,,,,,,,,,,,,,
Geldrop-Mierlo,,,,,,,,,,1213,1219,1216,1219,1224,1224,1228,1238,1247,1250,1253,1254,1254,1260,1266,1277,1281,1292,1294,1304,1313,1314
GM0906,1384,1382,1377,1378,1383,1384,,,,,,,,,,,,,,,,,,,,,,,,,
GM0782,325,327,,,,,,,,,,,,,,,,,,,,,,,,,,,,,
Gemert-Bakel,,,220,221,222,223,225,225,227,227,227,228,227,229,233,235,236,237,238,240,241,243,246,248,249,252,252,254,257,258,258
GM0237,320,321,319,319,321,323,324,326,327,325,,,,,,,,,,,,,,,,,,,,,
GM0238,560,568,571,573,571,573,,,,,,,,,,,,,,,,,,,,,,,,,
GM0154,299,303,308,312,319,328,,,,,,,,,,,,,,,,,,,,,,,,,
Gennep,346,347,348,348,346,347,347,347,351,349,350,350,352,353,358,359,364,364,364,363,363,359,359,358,359,355,358,362,373,374,374
GM0689,222,223,222,222,222,224,224,225,226,226,227,228,227,227,227,227,227,228,227,227,227,229,230,229,,,,,,,
GM0116,146,147,147,,,,,,,,,,,,,,,,,,,,,,,,,,,,
Gilze en Rijen,333,335,363,364,366,370,374,377,380,383,384,386,387,391,394,397,393,391,395,398,398,399,400,402,404,404,409,406,410,418,436
GM0511,151,152,152,154,155,156,157,158,161,162,163,163,164,163,162,161,160,160,,,,,,,,,,,,,
Goeree-Overflakkee,,,,,,,,,,,,,,,,,,,185,185,185,184,186,189,190,192,194,195,197,198,199
Goes,358,362,367,374,379,385,387,388,390,394,396,395,394,395,396,395,396,398,399,399,401,402,403,407,407,411,417,421,426,429,434
Goirle,748,762,525,526,530,530,532,535,535,537,533,527,525,531,535,542,542,542,545,549,547,549,554,549,553,556,557,558,563,566,569
Gooise Meren,,,,,,,,,,,,,,,,,,,,,,1363,1368,1378,1388,1396,1407,1419,1456,1457,1472
GM0156,1560,1310,1316,1315,1315,1318,,,,,,,,,,,,,,,,,,,,,,,,,
Gorinchem,1669,1689,1715,1720,1751,1763,1783,1801,1820,1826,1812,1807,1809,1819,1827,1832,1845,1855,1861,1867,1872,1868,1894,1927,1948,1966,1987,2011,2055,2066,2076
GM0239,152,153,152,151,150,154,155,155,155,156,,,,,,,,,,,,,,,,,,,,,
Gouda,4568,4164,4190,4194,4196,4233,4225,4219,4235,4244,4243,4223,4198,4192,4201,4218,4214,4225,4210,4212,4222,4232,4266,4405,4434,4449,4464,4491,4565,4592,4638
GM0693,143,143,144,143,144,144,145,145,144,144,144,145,146,146,147,146,147,146,,,,,,,,,,,,,
GM0365,304,306,306,310,313,316,321,320,316,323,325,327,327,325,323,324,324,321,322,324,,,,,,,,,,,
GM0157,108,108,109,110,112,112,,,,,,,,,,,,,,,,,,,,,,,,,
Grave,443,445,450,459,463,461,463,468,468,473,473,473,471,467,466,475,479,471,468,467,472,465,455,457,459,457,459,,,,
GM0390,429,434,436,434,431,427,427,,,,,,,,,,,,,,,,,,,,,,,,
GM0517,453,453,457,455,456,458,459,461,471,469,472,474,,,,,,,,,,,,,,,,,,,
's-Gravenhage,6462,6467,6513,6522,6492,6494,6513,5511,5610,5674,5711,5770,5749,5771,5885,5967,6046,6131,6179,6216,6289,6288,6347,6459,6523,6620,6650,6712,6827,6868,6901
GM0787,424,427,,,,,,,,,,,,,,,,,,,,,,,,,,,,,
GM0519,1099,1093,1091,1086,1098,1108,1109,1123,1129,,,,,,,,,,,,,,,,,,,,,,
GM0240,970,972,982,982,978,972,976,1007,1023,1015,277,274,,,,,,,,,,,,,,,,,,,
GM0241,424,428,433,435,437,434,439,432,429,427,425,427,429,430,430,429,428,428,431,430,396,,,,,,,,,,
Groningen,2140,2127,2124,2103,2134,2160,2174,2190,2226,2251,2269,2315,2327,2338,2353,2393,2434,2474,2497,2534,2559,2549,2125,2137,1246,1255,1257,1266,1284,1314,1318
GM0015,130,131,132,133,134,135,137,141,141,137,139,139,140,141,140,140,141,141,141,140,140,140,140,140,,,,,,,
GM0912,185,186,185,186,188,189,,,,,,,,,,,,,,,,,,,,,,,,,
GM0913,253,254,257,256,,,,,,,,,,,,,,,,,,,,,,,,,,,
Gulpen-Wittem,,,,,212,211,212,211,210,207,206,204,203,201,199,199,198,198,197,198,198,198,196,194,195,194,194,194,194,192,192
Haaksbergen,224,225,225,225,226,227,229,230,230,230,231,232,232,232,234,234,233,233,232,232,232,232,232,232,232,232,231,232,234,232,231
GM0788,303,249,241,241,241,242,244,245,244,243,241,240,239,239,238,236,236,236,235,235,234,235,241,244,246,249,,,,,
Haarlem,5031,4987,4978,4991,5005,5042,5039,5020,5019,5026,5005,5015,5013,5036,5068,5116,5156,5195,5239,5309,5360,5422,5459,5476,5529,5585,5573,5576,5662,5739,5776
GM0393,209,208,267,268,266,275,286,285,287,289,288,285,283,282,282,281,282,284,287,287,289,290,295,305,,,,,,,
Haarlemmermeer,577,588,600,604,607,618,631,659,684,711,733,754,772,785,795,799,803,806,807,806,807,811,819,826,781,790,799,808,823,827,838
GM0914,348,346,344,345,345,351,352,353,354,351,348,349,,,,,,,,,,,,,,,,,,,
Halderberge,,,393,394,397,397,395,397,399,398,396,395,393,395,392,393,393,393,392,394,396,396,397,401,405,407,409,413,417,419,421
GM0789,510,508,,,,,,,,,,,,,,,,,,,,,,,,,,,,,
GM0159,340,338,339,340,342,342,,,,,,,,,,,,,,,,,,,,,,,,,
Hardenberg,185,188,191,191,192,192,182,183,185,185,185,185,186,186,187,189,190,190,191,191,191,191,193,194,194,195,196,198,200,202,203
Harderwijk,967,982,994,1006,1026,1036,1047,1053,1056,1055,1063,1076,1094,1100,1117,1140,1164,1177,1181,1183,1185,1183,1193,1204,1224,1245,1253,1255,1256,1269,1286
Hardinxveld-Giessendam,1043,1046,1043,1045,1051,1055,1058,1054,1055,1055,1053,1053,1048,1043,1037,1034,1036,1043,1047,1049,1052,1050,1056,1062,1068,1082,1089,1098,1108,1113,1134
GM0017,407,404,406,408,405,404,407,406,416,417,419,418,412,409,408,406,406,405,410,413,416,420,431,438,,,,,,,
GM0395,271,271,272,273,275,276,280,284,292,294,292,292,295,295,296,298,300,300,,,,,,,,,,,,,
Harlingen,603,603,606,609,612,612,613,616,618,629,634,625,618,622,627,631,634,633,635,634,632,633,635,632,631,630,633,637,649,650,649
GM0318,341,345,344,343,342,341,,,,,,,,,,,,,,,,,,,,,,,,,
GM0161,180,179,179,183,183,185,,,,,,,,,,,,,,,,,,,,,,,,,
Hattem,498,502,503,504,500,501,502,503,506,510,508,507,504,505,506,510,509,511,510,509,512,515,522,527,528,529,530,533,545,547,552
GM0117,82,83,85,,,,,,,,,,,,,,,,,,,,,,,,,,,,
GM0245,336,339,342,351,,,,,,,,,,,,,,,,,,,,,,,,,,,
GM1937,361,360,371,370,369,401,398,400,429,427,427,425,,,,,,,,,,,,,,,,,,,
Heemskerk,1259,1267,1269,1268,1296,1308,1314,1321,1324,1319,1325,1365,1386,1400,1407,1420,1438,1441,1438,1437,1438,1444,1439,1432,1433,1433,1434,1437,1446,1447,1444
Heemstede,2822,2824,2844,2816,2800,2801,2815,2803,2801,2790,2788,2787,2779,2785,2790,2831,2854,2848,2856,2861,2874,2916,2934,2951,2973,2968,3001,3005,3029,3008,3013
Heerde,232,232,231,231,230,230,230,229,232,233,233,233,229,231,233,233,232,232,234,235,235,236,236,236,236,236,238,242,245,245,246
Heerenveen,288,289,290,293,296,298,304,308,312,315,317,316,316,318,321,321,322,322,321,262,264,265,264,264,264,266,266,269,272,273,273
GM0247,224,223,226,238,,,,,,,,,,,,,,,,,,,,,,,,,,,
Heerhugowaard,975,1015,1039,1057,1088,1122,1156,1178,1195,1203,1230,1263,1272,1287,1327,1334,1354,1367,1380,1391,1397,1409,1435,1462,1485,1507,1528,,,,
GM0526,582,590,602,616,613,608,613,622,,,,,,,,,,,,,,,,,,,,,,,
Heerlen,2127,2122,2125,2110,2103,2096,2096,2093,2086,2076,2055,2032,2011,1992,1985,1982,1982,1977,1974,1963,1946,1944,1939,1931,1932,1938,1935,1934,1940,1948,1949
GM0791,318,,,,,,,,,,,,,,,,,,,,,,,,,,,,,,
GM0793,252,253,,,,,,,,,,,,,,,,,,,,,,,,,,,,,
Heeze-Leende,,,147,147,147,147,146,147,148,147,146,146,146,146,146,147,147,148,148,148,149,150,151,153,153,155,156,158,160,162,164
Heiloo,986,993,1002,1138,1149,1158,1166,1170,1174,1174,1177,1179,1172,1174,1188,1201,1207,1211,1208,1210,1205,1213,1222,1235,1255,1282,1291,1305,1300,1300,1301
GM0162,223,228,217,217,216,217,,,,,,,,,,,,,,,,,,,,,,,,,
GM0918,272,274,275,277,279,280,282,282,282,283,283,284,283,283,283,,,,,,,,,,,,,,,,
Den Helder,1336,1330,1329,1327,1312,1309,1317,1323,1321,1316,1308,1301,1285,1276,1271,1268,1264,1261,1263,1255,1253,1248,1242,1232,1229,1244,1250,1249,1254,1251,1256
Hellendoorn,258,258,258,258,258,259,260,261,262,261,262,262,261,261,260,259,259,259,259,259,258,258,259,260,260,260,261,261,263,263,263
Hellevoetsluis,1151,1149,1164,1179,1191,1211,1227,1232,1257,1272,1271,1268,1256,1256,1256,1260,1259,1250,1239,1235,1232,1227,1230,973,975,977,981,988,,,
Helmond,1475,1501,1434,1465,1479,1497,1513,1548,1583,1600,1613,1613,1620,1633,1652,1663,1670,1668,1673,1677,1686,1695,1703,1709,1721,1738,1742,1758,1785,1803,1816
GM0795,181,,,,,,,,,,,,,,,,,,,,,,,,,,,,,,
Hendrik-Ido-Ambacht,1862,1887,1908,1928,1931,1950,1968,1998,2059,2140,2208,2274,2309,2311,2423,2518,2588,2648,2701,2726,2750,2771,2801,2891,2918,2940,2945,3108,3159,3209,3226
GM0248,170,170,170,171,171,171,172,173,173,172,,,,,,,,,,,,,,,,,,,,,
Hengelo,1218,1213,1214,1227,1236,1249,1317,1325,1326,1326,1329,1332,1334,1329,1330,1328,1326,1329,1330,1330,1331,1331,1327,1325,1326,1334,1332,1339,1353,1365,1375
's-Hertogenbosch,1898,1469,1499,1508,1502,1518,1535,1549,1566,1578,1583,1595,1606,1616,1637,1659,1677,1680,1692,1703,1364,1372,1379,1392,1402,1410,1414,1430,1450,1468,1475
GM0251,274,276,277,276,281,296,,,,,,,,,,,,,,,,,,,,,,,,,
Heumen,351,354,370,384,398,406,413,415,415,418,421,422,418,417,417,417,414,412,413,410,411,411,414,414,415,414,417,432,423,424,424
Heusden,299,302,530,531,537,543,545,547,547,547,546,547,544,545,546,545,547,547,548,547,547,549,552,554,560,567,571,578,581,584,588
GM0920,200,200,203,206,207,207,208,208,209,211,211,210,,,,,,,,,,,,,,,,,,,
Hillegom,1563,1573,1601,1613,1628,1628,1643,1642,1606,1599,1589,1574,1572,1576,1587,1587,1597,1613,1617,1623,1635,1638,1656,1694,1706,1725,1724,1736,1747,1775,1773
Hilvarenbeek,150,151,151,152,152,154,155,156,156,158,158,159,159,159,158,158,158,159,159,159,158,160,161,162,162,164,166,167,168,168,170
Hilversum,1824,1812,1809,1802,1802,1789,1802,1809,1827,1831,1836,1836,1836,1839,1847,1850,1863,1875,1885,1894,1911,1926,1949,1963,1978,1991,2000,2013,2047,2070,2070
Hoeksche Waard,,,,,,,,,,,,,,,,,,,,,,,,,322,325,327,330,334,336,338
GM0253,945,956,955,1122,1124,,,,,,,,,,,,,,,,,,,,,,,,,,
GM0799,275,275,,,,,,,,,,,,,,,,,,,,,,,,,,,,,
Hof van Twente,,,,,,,163,164,164,164,164,164,165,165,165,167,167,167,166,165,164,164,165,164,164,165,165,165,167,167,168
Het Hogeland,,,,,,,,,,,,,,,,,,,,,,,,,99,99,99,101,101,101,101
Hollands Kroon,,,,,,,,,,,,,,,,,,133,133,133,133,133,133,133,134,136,136,136,138,138,140
GM0165,131,133,133,133,134,134,,,,,,,,,,,,,,,,,,,,,,,,,
GM0675,102,102,102,104,104,104,105,105,,,,,,,,,,,,,,,,,,,,,,,
GM0801,90,90,,,,,,,,,,,,,,,,,,,,,,,,,,,,,
GM0802,192,194,,,,,,,,,,,,,,,,,,,,,,,,,,,,,
GM0800,207,206,,,,,,,,,,,,,,,,,,,,,,,,,,,,,
Hoogeveen,727,726,728,411,413,413,413,416,417,420,422,424,426,427,428,429,430,430,430,429,430,433,434,437,436,437,436,438,442,444,446
GM0018,496,494,491,490,489,488,491,495,498,504,509,514,512,513,519,522,522,521,518,515,515,514,515,,,,,,,,
Hoorn,3157,3179,3212,3243,3268,3328,3388,3423,3508,3520,3529,3516,3355,3381,3429,3473,3491,3519,3536,3530,3530,3544,3560,3573,3583,3595,3613,3647,3692,3713,3732
GM0923,236,241,244,244,244,246,,,,,,,,,,,,,,,,,,,,,,,,,
Horst aan de Maas,,,,,,,235,236,238,239,238,240,240,242,244,220,222,222,222,221,221,221,223,224,224,225,225,228,231,233,234
Houten,550,556,562,570,589,596,643,681,741,760,781,802,821,837,853,859,865,872,878,878,882,885,895,902,908,913,914,917,921,926,928
GM0803,184,183,,,,,,,,,,,,,,,,,,,,,,,,,,,,,
GM0255,1185,1183,1185,1191,1199,1205,,,,,,,,,,,,,,,,,,,,,,,,,
Huizen,2625,2609,2603,2627,2643,2651,2648,2657,2671,2661,2669,2668,2658,2655,2666,2659,2638,2629,2622,2609,2614,2618,2618,2617,2611,2611,2600,2589,2609,2605,2606
Hulst,150,151,154,155,156,156,157,158,138,138,138,139,139,139,138,138,138,137,137,136,136,136,136,136,136,137,137,137,137,136,136
GM0256,104,104,104,106,106,106,106,106,106,106,,,,,,,,,,,,,,,,,,,,,
GM0925,172,174,174,174,177,177,177,180,180,180,181,180,,,,,,,,,,,,,,,,,,,
GM0195,54,54,54,55,55,55,,,,,,,,,,,,,,,,,,,,,,,,,
GM0191,173,176,179,183,185,187,,,,,,,,,,,,,,,,,,,,,,,,,
IJsselstein,1083,1100,1113,1188,1282,1357,1462,1532,1572,1586,1588,1605,1606,1609,1619,1622,1624,1620,1623,1624,1614,1616,1621,1628,1621,1619,1605,1591,1594,1591,1587
GM0645,295,296,296,296,294,293,291,290,291,292,294,296,293,295,,,,,,,,,,,,,,,,,
Kaag en Braassem,,,,,,,,,,,,,,,401,404,406,406,406,407,408,413,417,421,425,432,435,442,453,462,464
Kampen,504,501,500,496,497,504,339,342,346,346,347,348,349,349,350,351,353,355,358,359,362,365,369,375,378,382,383,388,394,398,400
Kapelle,288,290,297,296,300,301,308,311,311,313,313,317,323,324,331,334,333,334,337,337,338,340,340,343,344,342,347,351,351,350,350
Katwijk,3033,3033,3034,3033,3033,3044,3063,3011,3024,3045,3059,2471,2478,2481,2497,2517,2528,2546,2554,2558,2593,2610,2622,2625,2639,2657,2667,2662,2685,2700,2704
Kerkrade,2391,2389,2385,2376,2358,2345,2327,2309,2293,2281,2260,2249,2224,2204,2192,2174,2165,2159,2155,2136,2122,2101,2097,2092,2083,2088,2074,2069,2082,2068,2076
GM0257,174,176,180,182,,,,,,,,,,,,,,,,,,,,,,,,,,,
GM0929,189,193,193,194,196,196,197,197,198,200,200,202,202,202,202,,,,,,,,,,,,,,,,
GM0258,632,642,645,651,649,657,661,364,364,,,,,,,,,,,,,,,,,,,,,,
GM0804,186,188,,,,,,,,,,,,,,,,,,,,,,,,,,,,,
Koggenland,,,,,,,,,,,,,262,266,270,273,274,278,278,280,279,280,280,282,283,283,286,287,293,294,297
GM0079,116,116,118,118,118,119,120,121,122,119,119,119,119,119,119,118,118,118,117,117,117,117,117,117,,,,,,,
GM0588,130,131,132,133,134,136,138,139,139,141,141,140,139,140,140,140,140,140,141,140,141,142,144,146,,,,,,,
Krimpen aan den IJssel,3526,3525,3561,3592,3614,3655,3654,3686,3713,3709,3701,3687,3679,3690,3705,3693,3673,3681,3758,3754,3773,3783,3792,3812,3822,3841,3826,3833,3845,3861,3882
Krimpenerwaard,,,,,,,,,,,,,,,,,,,,,362,365,369,375,378,380,382,385,389,390,390
Laarbeek,,,392,391,389,389,389,389,390,390,391,393,393,393,392,390,389,390,393,394,396,397,396,400,403,407,412,414,420,420,421
GM1982,,,,,,,,,,,,,,,,,,,,,,,,,,,,266,268,269,272
Landerd,200,201,201,202,203,203,204,206,209,210,211,210,209,210,210,212,212,214,216,217,217,217,218,218,221,224,225,,,,
Landgraaf,1668,1686,1684,1687,1678,1664,1654,1637,1628,1617,1605,1593,1580,1575,1574,1563,1553,1549,1542,1528,1524,1524,1524,1530,1529,1523,1516,1506,1512,1510,1499
Landsmeer,437,439,462,460,459,456,455,457,459,458,456,456,455,451,450,454,454,458,464,463,480,487,501,508,510,510,513,515,522,520,523
GM0325,118,,,,,,,,,,,,,,,,,,,,,,,,,,,,,,
Langedijk,871,873,882,922,938,942,962,983,1036,1047,1074,1078,1078,1083,1118,1121,1123,1123,1122,1123,1138,1149,1155,1165,1172,1179,1186,,,,
Lansingerland,,,,,,,,,,,,,880,907,940,969,997,1018,1041,1053,1071,1090,1109,1145,1153,1168,1186,1203,1216,1231,1240
Laren,954,956,975,956,946,949,945,972,955,949,940,901,899,897,945,923,920,915,877,875,875,883,893,898,902,909,918,929,944,922,925
GM0022,286,286,291,293,294,296,299,304,304,306,307,299,303,305,307,306,305,307,310,310,308,309,311,311,,,,,,,
GM0805,101,101,,,,,,,,,,,,,,,,,,,,,,,,,,,,,
GM0545,611,615,615,616,616,615,620,624,624,623,620,616,612,610,614,614,612,612,613,609,609,613,619,623,,,,,,,
GM0326,233,234,239,241,242,244,246,247,249,251,257,,,,,,,,,,,,,,,,,,,,
Leeuwarden,1089,1092,1096,1096,1099,1108,1115,1128,1145,1146,1151,1160,1167,1173,1182,1189,1202,1208,1219,695,697,699,704,514,516,521,523,528,535,542,547
GM0081,237,245,245,250,254,259,261,261,261,260,258,257,255,255,254,256,254,253,252,251,250,249,247,,,,,,,,
Leiden,5224,5260,5282,5279,5297,5288,5280,5287,5351,5397,5391,5379,5352,5324,5343,5358,5371,5409,5462,5524,5542,5580,5630,5674,5701,5710,5664,5724,5816,5954,5978
Leiderdorp,2025,2007,2008,2048,2110,2160,2237,2283,2277,2258,2230,2218,2226,2251,2267,2264,2304,2313,2315,2321,2325,2335,2349,2350,2342,2337,2365,2389,2406,2413,2414
GM0548,977,981,964,968,1013,1045,1104,,,,,,,,,,,,,,,,,,,,,,,,
Leidschendam-Voorburg,,,,,,,,2191,2248,2251,2249,2229,2221,2222,2219,2202,2204,2214,2222,2245,2264,2275,2286,2302,2317,2351,2348,2351,2384,2399,2402
Lelystad,254,253,256,258,261,268,275,282,293,297,303,307,310,314,319,322,324,325,328,329,331,333,334,336,338,341,347,355,363,367,370
GM0082,155,155,156,160,163,165,166,169,174,175,176,176,176,176,178,179,179,179,179,,,,,,,,,,,,
Leudal,,,,,,,,,,,,,226,226,226,226,225,224,224,222,223,222,220,220,219,220,222,221,222,222,222
Leusden,456,460,454,477,485,490,492,495,494,496,494,492,488,486,487,491,488,493,494,495,496,500,506,508,513,519,522,525,538,541,545
GM0260,251,255,255,255,257,259,261,262,263,265,,,,,,,,,,,,,,,,,,,,,
GM1673,231,231,230,230,229,227,224,222,222,222,223,224,,,,,,,,,,,,,,,,,,,
GM0806,240,,,,,,,,,,,,,,,,,,,,,,,,,,,,,,
GM0261,191,195,200,207,,,,,,,,,,,,,,,,,,,,,,,,,,,
GM0552,1180,1193,1243,1268,1272,1289,1288,1306,1321,,,,,,,,,,,,,,,,,,,,,,
GM0807,241,242,,,,,,,,,,,,,,,,,,,,,,,,,,,,,
GM0694,231,231,233,235,236,235,236,238,236,237,237,237,239,238,237,238,238,239,,,,,,,,,,,,,
GM0418,670,684,697,707,715,718,723,,,,,,,,,,,,,,,,,,,,,,,,
GM0733,209,210,211,211,211,210,211,211,211,213,213,214,215,216,217,216,216,216,218,219,220,221,221,221,,,,,,,
Lingewaard,,,,,,,,,677,686,688,700,710,714,724,730,733,735,737,736,737,739,742,748,750,752,755,758,762,764,770
Lisse,1388,1395,1395,1399,1401,1400,1404,1407,1403,1405,1395,1393,1399,1409,1419,1422,1446,1435,1427,1423,1436,1441,1448,1450,1453,1463,1465,1466,1490,1494,1502
GM0808,125,123,127,128,129,131,132,132,133,133,133,132,133,133,132,131,,,,,,,,,,,,,,,
GM0140,79,80,81,81,80,81,82,83,83,83,83,83,83,83,84,84,84,84,84,84,83,83,82,,,,,,,,
Lochem,145,146,147,148,149,150,150,152,152,152,154,154,154,155,156,157,156,156,156,156,156,156,157,158,158,158,159,160,161,161,161
GM0329,335,335,338,342,341,337,336,337,333,334,334,332,329,331,338,340,,,,,,,,,,,,,,,
Loon op Zand,433,433,446,446,447,451,453,456,459,459,458,455,456,456,457,459,458,460,460,460,458,458,462,463,467,469,471,476,477,478,484
GM0330,588,593,582,577,575,574,570,,,,,,,,,,,,,,,,,,,,,,,,
Lopik,173,174,176,176,177,178,180,180,181,183,184,184,185,186,187,187,186,185,185,185,186,187,188,190,192,191,191,192,195,195,196
GM0024,100,100,100,100,100,100,100,100,100,100,99,98,97,96,95,94,94,93,93,92,91,90,89,88,87,86,,,,,
Losser,229,229,229,228,225,227,230,229,228,227,227,227,227,227,228,229,229,229,228,229,227,227,228,228,229,230,232,234,237,237,238
GM0810,128,127,,,,,,,,,,,,,,,,,,,,,,,,,,,,,
GM0811,166,166,,,,,,,,,,,,,,,,,,,,,,,,,,,,,
GM0332,232,233,233,232,230,231,230,229,231,235,236,,,,,,,,,,,,,,,,,,,,
GM0333,1453,1457,1456,1449,1441,1440,1476,1470,1471,1465,1462,1454,1448,1447,1458,1453,,,,,,,,,,,,,,,
GM0334,234,236,237,237,240,241,,,,,,,,,,,,,,,,,,,,,,,,,
GM0933,590,592,587,628,627,638,640,640,663,663,660,663,,,,,,,,,,,,,,,,,,,
GM0934,246,245,250,254,254,254,259,259,260,260,259,260,260,262,264,,,,,,,,,,,,,,,,
GM1671,307,302,305,307,308,307,306,307,306,306,305,303,303,302,302,303,302,302,301,302,,,,,,,,,,,
Maasdriel,350,352,356,359,343,345,350,353,355,355,355,357,356,358,360,360,363,364,364,365,366,364,367,368,374,379,385,387,395,398,399
Maasgouw,,,,,,,,,,,,,535,536,537,533,530,526,526,523,519,520,520,518,519,524,524,526,532,534,536
GM1991,,,,,,,,,,,,,,,,,,,,,,,,,,,,425,429,431,435
GM0555,278,280,282,283,283,291,291,292,293,,,,,,,,,,,,,,,,,,,,,,
Maassluis,4442,4438,4437,4430,4432,4435,4417,4403,4405,3821,3775,3765,3719,3699,3703,3727,3758,3751,3767,3778,3792,3803,3821,3836,3866,3918,3960,4044,4180,4243,4315
Maastricht,2102,2103,2116,2138,2129,2141,2143,2140,2147,2151,2138,2115,2095,2077,2082,2086,2107,2131,2152,2163,2158,2175,2179,2192,2171,2172,2147,2172,2200,2246,2251
GM1665,,,274,274,,,,,,,,,,,,,,,,,,,,,,,,,,,
GM0812,292,291,,,,,,,,,,,,,,,,,,,,,,,,,,,,,
GM0936,240,240,239,239,239,239,238,237,236,235,234,234,234,235,231,232,,,,,,,,,,,,,,,
GM0686,117,121,,,,,,,,,,,,,,,,,,,,,,,,,,,,,
GM0169,76,76,77,78,78,79,,,,,,,,,,,,,,,,,,,,,,,,,
GM1663,66,66,65,65,65,65,65,67,67,67,67,66,64,64,63,63,62,62,61,60,60,59,59,59,,,,,,,
GM0025,145,148,150,149,149,150,154,157,160,161,156,156,156,158,160,162,162,161,161,161,160,160,161,163,,,,,,,
GM0264,171,172,174,176,,,,,,,,,,,,,,,,,,,,,,,,,,,
Medemblik,1026,1029,1001,998,1021,1040,1049,1049,1081,1100,1101,1108,343,345,349,354,352,354,356,357,359,360,363,366,369,371,372,375,380,379,379
GM0993,187,189,186,187,189,195,199,199,201,201,202,200,199,200,202,,,,,,,,,,,,,,,,
Meerssen,763,759,758,756,749,747,746,745,738,736,731,728,727,727,725,721,718,716,716,712,704,706,708,706,702,698,692,695,696,695,691
Meierijstad,,,,,,,,,,,,,,,,,,,,,,,434,435,439,441,444,449,455,458,460
GM0941,283,285,285,285,287,289,292,294,294,294,295,295,296,300,302,,,,,,,,,,,,,,,,
GM0083,194,195,197,199,200,201,205,206,204,203,202,201,200,199,199,200,,,,,,,,,,,,,,,
GM1908,,,,,,,,,,,,,,,,,200,200,199,199,198,197,195,,,,,,,,
GM1987,151,150,152,153,156,155,155,156,158,157,157,157,156,156,156,156,154,154,154,153,152,152,152,,,,,,,,
Meppel,1780,1793,1715,522,527,531,538,542,549,550,546,549,559,567,575,582,584,585,589,592,590,590,594,602,604,611,619,626,639,645,654
Middelburg,1246,1246,920,915,916,924,934,938,950,953,957,968,974,975,979,988,990,984,980,982,982,988,991,998,1003,1008,1011,1017,1033,1034,1037
GM0559,270,270,269,268,269,274,278,281,284,285,286,289,291,289,295,295,297,297,,,,,,,,,,,,,
Midden-Delfland,,,,,,,,,,360,359,368,370,369,372,378,383,385,385,390,395,399,402,410,411,410,411,413,413,411,412
Midden-Drenthe,,,,,,95,96,95,96,96,97,97,98,98,98,98,98,98,98,98,98,98,98,97,97,97,98,99,100,100,100
Midden-Groningen,,,,,,,,,,,,,,,,,,,,,,,,218,217,217,217,219,221,221,221
GM0688,58,60,,,,,,,,,,,,,,,,,,,,,,,,,,,,,
GM1697,,,,94,94,,,,,,,,,,,,,,,,,,,,,,,,,,
GM0814,440,443,564,568,569,570,572,575,569,,,,,,,,,,,,,,,,,,,,,,
Mill en Sint Hubert,205,207,207,208,208,210,210,210,213,211,212,212,211,211,211,211,210,209,209,208,207,207,207,207,209,209,211,,,,
GM0265,636,636,647,660,663,653,653,659,682,682,679,671,673,674,676,682,684,682,686,680,,,,,,,,,,,
Moerdijk,,,,,228,228,229,229,230,231,231,231,230,231,230,230,230,229,230,230,231,231,232,232,232,233,234,234,237,239,240
GM0816,210,211,,,,,,,,,,,,,,,,,,,,,,,,,,,,,
Molenlanden,,,,,,,,,,,,,,,,,,,,,,,,,241,242,243,246,249,249,250
GM1927,,,,,,,,,,,,,,,,,,,247,245,245,246,247,248,,,,,,,
GM0562,1357,1360,1384,1398,1414,1413,1410,1413,1429,,,,,,,,,,,,,,,,,,,,,,
Montferland,,,,,,,,,,,334,333,332,331,332,333,331,332,330,331,333,333,334,337,341,341,341,344,349,349,350
Montfoort,348,351,352,351,352,355,353,353,353,354,356,358,357,357,358,358,358,361,362,362,363,366,368,369,373,370,370,368,371,369,366
Mook en Middelaar,429,427,428,429,437,450,458,456,461,459,461,461,462,465,462,463,457,453,450,448,446,446,447,447,449,451,455,459,463,469,466
GM0563,533,609,614,614,629,630,650,665,662,664,662,662,665,667,666,,,,,,,,,,,,,,,,
GM0424,475,475,476,477,475,472,469,466,460,461,462,460,461,457,454,450,450,447,442,435,432,,,,,,,,,,
GM0565,1136,1140,1144,1151,1156,1167,1165,1160,1169,,,,,,,,,,,,,,,,,,,,,,
GM0425,770,774,781,781,784,788,782,786,793,797,800,800,802,801,795,802,803,802,806,803,804,,,,,,,,,,
Neder-Betuwe,,,,,,,,,,365,366,367,366,368,372,372,373,373,372,376,379,384,388,394,401,406,411,417,424,429,430
GM0426,452,451,449,443,441,441,437,,,,,,,,,,,,,,,,,,,,,,,,
GM0643,531,537,531,530,531,530,533,534,534,533,531,528,522,514,509,505,503,503,509,507,,,,,,,,,,,
Nederweert,157,158,158,159,160,160,161,160,161,161,162,164,165,166,167,166,166,167,168,168,168,168,169,170,170,170,172,173,175,175,175
GM0266,239,240,240,241,242,241,241,240,241,239,,,,,,,,,,,,,,,,,,,,,
GM0304,163,161,162,163,165,170,172,173,172,174,177,178,180,180,179,180,179,181,182,182,182,184,187,188,,,,,,,
GM0412,174,178,180,184,184,185,185,187,188,189,191,192,195,196,197,197,198,,,,,,,,,,,,,,
Nieuwegein,1959,1995,1999,2039,2087,2097,2620,2611,2619,2605,2590,2594,2584,2572,2577,2573,2575,2566,2576,2582,2592,2620,2625,2656,2682,2700,2717,2757,2794,2817,2852
GM0567,1092,1119,1146,1170,1199,1222,1250,1278,1296,1294,1286,1281,1269,1258,1252,,,,,,,,,,,,,,,,
GM0817,287,290,,,,,,,,,,,,,,,,,,,,,,,,,,,,,
Nieuwkoop,355,354,354,353,353,354,353,352,371,372,373,372,340,337,337,339,342,342,344,344,344,350,357,362,367,369,373,373,375,376,376
GM0571,877,888,901,901,900,897,896,899,906,917,921,908,906,912,916,916,918,916,,,,,,,,,,,,,
GM0170,210,213,211,211,212,213,,,,,,,,,,,,,,,,,,,,,,,,,
GM0818,143,146,,,,,,,,,,,,,,,,,,,,,,,,,,,,,
GM0104,106,107,108,109,110,112,112,113,113,113,113,112,113,114,114,113,,,,,,,,,,,,,,,
GM0121,117,119,122,,,,,,,,,,,,,,,,,,,,,,,,,,,,
Nijkerk,421,423,424,437,440,522,528,537,541,546,553,557,559,561,563,569,573,578,582,585,589,593,602,610,619,623,629,639,649,654,660
Nijmegen,3516,3236,3083,2798,2824,2834,2862,2879,2905,2928,2952,2979,3005,3011,3021,3043,3063,3081,3103,3139,3183,3210,3238,3316,3329,3346,3341,3392,3456,3542,3579
Nissewaard,,,,,,,,,,,,,,,,,,,,,1020,1025,1026,1150,1152,1158,1161,1178,1184,1195,1205
Noardeast-Fryslân,,,,,,,,,,,,,,,,,,,,,,,,,120,120,120,120,121,121,121
Noord-Beveland,79,80,80,80,80,80,81,82,83,83,84,84,84,85,85,86,87,88,87,88,87,86,86,85,85,86,88,89,91,92,94
Noordenveld,,,,153,153,153,154,157,159,160,158,157,156,155,155,153,153,154,154,155,155,155,165,162,157,157,157,157,159,159,160
GM0529,198,201,207,207,207,210,211,212,210,211,212,212,,,,,,,,,,,,,,,,,,,
Noordoostpolder,86,87,88,90,91,93,95,96,97,99,99,99,100,99,100,100,100,101,101,101,101,101,101,101,102,103,104,105,109,109,111
Noordwijk,713,712,706,706,702,695,689,692,693,691,694,696,696,702,714,716,717,719,723,724,721,720,723,728,734,745,755,760,774,784,787
GM0576,676,674,678,687,685,680,682,678,669,668,669,671,677,682,680,689,690,692,697,706,711,715,722,735,,,,,,,
GM0577,880,909,948,1004,1040,1082,1303,,,,,,,,,,,,,,,,,,,,,,,,
GM0120,63,64,65,,,,,,,,,,,,,,,,,,,,,,,,,,,,
Nuenen, Gerwen en Nederwetten,656,672,685,690,696,702,699,698,694,690,684,675,670,667,662,656,656,669,672,671,671,675,678,683,688,694,703,708,714,720,722
Nunspeet,201,202,201,202,203,203,203,204,206,207,207,206,206,206,207,208,207,207,207,207,208,208,209,211,213,216,218,219,223,226,228
GM0951,507,504,503,505,502,499,503,501,494,484,483,481,478,478,474,473,471,473,468,471,468,466,462,459,,,,,,,
GM0429,303,301,300,307,310,313,314,317,322,329,330,329,,,,,,,,,,,,,,,,,,,
GM0122,87,86,86,,,,,,,,,,,,,,,,,,,,,,,,,,,,
Oegstgeest,2602,2632,2675,2683,2684,2861,2907,2925,2946,2941,2957,3038,3056,3104,3143,3148,3120,3123,3173,3139,3151,3180,3235,3269,3343,3399,3430,3496,3530,3557,3573
Oirschot,193,195,171,172,173,174,174,175,175,175,176,175,175,175,175,174,175,175,176,177,178,179,182,182,183,184,185,187,189,189,192
Oisterwijk,695,699,394,394,394,396,395,395,400,403,406,405,403,403,403,404,402,403,404,404,403,405,406,409,409,411,404,406,411,411,413
Oldambt,,,,,,,,,,,,,,,,173,173,172,171,170,169,169,168,168,168,169,169,170,172,174,175
Oldebroek,223,224,226,226,228,229,231,232,234,235,235,234,233,233,231,233,232,233,233,234,236,237,238,241,242,242,243,245,248,249,250
Oldenzaal,1936,1938,1938,1936,1942,1944,1441,1444,1453,1454,1453,1450,1455,1463,1472,1481,1493,1493,1494,1491,1490,1490,1485,1481,1477,1477,1471,1473,1481,1475,1486
GM0174,156,155,155,154,154,155,149,149,,,,,,,,,,,,,,,,,,,,,,,
Olst-Wijhe,,,,,,,,,149,149,150,151,152,152,153,154,153,155,156,156,156,157,158,158,159,160,161,163,164,166,167
Ommen,98,98,92,92,92,93,93,94,94,94,95,96,96,97,97,97,96,97,96,96,96,98,97,98,99,100,102,103,105,106,107
GM0881,399,400,404,402,401,400,399,399,398,397,396,395,396,389,385,383,378,376,374,372,372,372,372,372,,,,,,,
Oost Gelre,,,,,,,,,,,,,272,272,273,274,275,274,272,271,269,269,270,270,270,270,269,269,271,273,273
GM0825,131,134,,,,,,,,,,,,,,,,,,,,,,,,,,,,,
GM0692,90,90,90,90,90,90,91,92,,,,,,,,,,,,,,,,,,,,,,,
GM0123,73,73,74,,,,,,,,,,,,,,,,,,,,,,,,,,,,
Oosterhout,722,728,714,718,720,728,734,737,742,742,739,739,745,752,758,757,757,756,751,751,753,756,764,772,778,783,786,791,804,811,817
GM0580,139,140,135,134,135,135,136,136,136,136,136,137,136,136,135,139,139,139,,,,,,,,,,,,,
Ooststellingwerf,112,112,112,113,114,115,117,119,119,119,118,117,117,118,117,117,116,115,115,115,114,114,114,114,114,114,114,115,116,116,116
Oostzaan,652,657,666,681,694,732,731,744,794,799,799,800,805,801,798,793,790,789,792,792,796,824,837,845,846,845,841,834,841,839,842
GM0176,1111,1120,1125,994,991,999,,,,,,,,,,,,,,,,,,,,,,,,,
GM0996,,,,,,,,,,,,,,,,,,,,,,,,,,,,,,,
Opmeer,250,251,255,254,259,261,265,268,269,269,270,271,269,270,271,274,275,274,274,274,272,273,275,278,284,285,289,291,294,294,301
Opsterland,124,125,126,127,127,128,128,128,129,131,131,131,132,132,133,134,134,133,133,133,133,133,132,133,132,132,133,133,134,134,134
Oss,1024,1036,1048,1059,1069,1084,1102,1110,747,748,748,750,753,753,757,760,552,555,557,558,550,552,554,557,560,563,567,576,583,584,588
GM0829,173,176,,,,,,,,,,,,,,,,,,,,,,,,,,,,,
GM0831,250,251,,,,,,,,,,,,,,,,,,,,,,,,,,,,,
GM0584,1145,1150,1148,1166,1198,1201,1197,1208,1235,1246,1268,1276,1282,1272,1267,1257,1255,1249,1251,1266,1265,1273,1282,1298,,,,,,,
Oude IJsselstreek,,,,,,,,,,,296,295,294,292,293,293,293,292,292,290,290,291,290,290,290,289,289,289,291,290,290
GM0830,1106,1101,,,,,,,,,,,,,,,,,,,,,,,,,,,,,
Ouder-Amstel,478,478,477,490,507,523,531,533,533,533,538,544,540,540,543,542,545,548,549,550,551,557,557,561,578,583,587,593,596,603,607
GM0644,310,307,307,305,302,300,300,302,299,299,298,299,302,301,301,302,301,297,301,303,,,,,,,,,,,
Oudewater,247,249,249,251,251,250,249,248,248,249,253,253,253,252,253,251,251,252,253,253,254,257,261,262,262,263,261,261,263,263,266
Overbetuwe,,,,,,,362,367,371,376,386,390,394,404,412,417,420,423,426,427,429,430,434,435,435,439,442,443,447,449,449
Papendrecht,3017,3007,3000,3034,3074,3124,3166,3185,3220,3263,3296,3328,3312,3330,3353,3366,3364,3380,3413,3416,3424,3425,3430,3427,3430,3414,3418,3421,3428,3418,3431
Peel en Maas,,,,,,,,,,,,,,,,270,271,271,272,272,273,272,272,272,272,272,274,278,284,286,288
GM0124,178,177,176,,,,,,,,,,,,,,,,,,,,,,,,,,,,
Pekela,263,266,265,266,267,270,269,274,276,274,274,273,271,270,267,266,264,262,261,259,258,258,255,250,249,249,248,249,253,255,254
GM0594,622,632,635,641,687,715,749,,,,,,,,,,,,,,,,,,,,,,,,
Pijnacker-Nootdorp,,,,,,,,932,952,1001,1059,1110,1139,1165,1229,1286,1319,1341,1351,1367,1371,1391,1411,1446,1465,1491,1501,1534,1564,1571,1576
GM0832,592,594,,,,,,,,,,,,,,,,,,,,,,,,,,,,,
Purmerend,2880,2905,2760,2805,2868,2958,3036,3092,3156,3194,3246,3299,3301,3321,3364,3371,3386,3389,3423,3427,3428,3444,3446,3454,3460,3509,3528,985,1004,1017,1025
GM0833,199,199,,,,,,,,,,,,,,,,,,,,,,,,,,,,,
Putten,257,259,261,262,263,267,269,272,273,273,273,272,271,273,276,277,279,280,281,280,286,288,287,285,284,283,286,289,292,293,293
Raalte,205,205,209,209,209,209,212,214,216,217,217,218,218,216,215,215,214,214,213,213,214,215,216,217,219,221,222,223,225,224,226
GM0834,667,670,,,,,,,,,,,,,,,,,,,,,,,,,,,,,
GM0835,201,204,206,205,205,205,206,205,,,,,,,,,,,,,,,,,,,,,,,
GM0595,338,338,337,339,340,340,338,339,338,336,336,334,331,335,339,342,,,,,,,,,,,,,,,
GM1661,72,71,71,70,71,71,71,71,72,71,71,71,71,71,71,,,,,,,,,,,,,,,,
Reimerswaal,197,198,200,199,200,200,202,203,204,205,206,207,207,209,209,211,212,213,214,215,216,219,220,222,223,223,225,225,229,229,229
Renkum,708,706,702,697,697,699,701,701,698,693,693,687,688,690,690,688,686,687,687,687,683,680,683,682,681,684,684,682,685,684,685
Renswoude,202,214,217,218,216,217,220,225,228,231,234,236,242,243,246,250,258,262,266,267,270,274,277,281,286,296,302,307,313,313,314
GM0836,256,259,,,,,,,,,,,,,,,,,,,,,,,,,,,,,
Reusel-De Mierden,,,159,158,159,159,160,159,159,159,158,158,159,159,159,161,162,162,163,163,164,164,166,167,168,168,169,171,174,174,175
Rheden,549,547,545,541,541,541,541,547,550,549,547,541,538,535,534,535,538,533,534,534,534,536,534,532,534,535,532,531,533,534,535
Rhenen,409,408,409,411,412,417,419,423,427,432,434,437,444,447,448,449,450,453,453,454,459,461,466,471,475,478,480,482,484,482,485
Ridderkerk,1988,1987,1958,1961,1964,1966,1954,1939,1931,1917,1899,1885,1881,1882,1882,1886,1891,1904,1912,1909,1904,1902,1915,1931,1950,1948,1968,2006,2022,2033,2045
GM0837,135,135,,,,,,,,,,,,,,,,,,,,,,,,,,,,,
GM0602,2381,2392,2449,2452,2489,2509,2514,2527,2551,2548,2532,,,,,,,,,,,,,,,,,,,,
GM0196,284,289,291,293,294,291,294,298,301,300,275,276,275,275,276,278,276,276,277,275,275,274,274,,,,,,,,
GM1672,345,345,344,342,342,342,340,339,335,335,333,333,331,330,330,327,326,328,328,,,,,,,,,,,,
GM0841,160,162,,,,,,,,,,,,,,,,,,,,,,,,,,,,,
GM0178,970,983,994,1004,1005,1008,376,378,381,,,,,,,,,,,,,,,,,,,,,,
Rijssen-Holten,,,,,,,,,,384,386,387,388,389,391,394,398,399,400,400,402,402,404,405,407,406,406,406,409,411,413
Rijswijk,2607,2587,2634,2724,2846,2915,2985,3442,3424,3396,3373,3356,3348,3333,3325,3319,3321,3344,3371,3390,3431,3511,3632,3740,3831,3901,3956,4078,4150,4267,4344
GM0125,302,304,302,,,,,,,,,,,,,,,,,,,,,,,,,,,,
Roerdalen,211,212,215,238,236,238,239,239,240,237,235,234,242,240,242,242,241,239,238,236,235,234,235,235,234,233,233,233,235,236,236
Roermond,1200,1221,1240,1086,1100,1105,1110,1114,1175,1170,1175,1178,891,894,899,906,914,923,931,935,937,937,943,950,957,958,966,976,989,1002,1009
GM1670,193,196,197,198,198,200,201,202,201,200,203,201,,,,,,,,,,,,,,,,,,,
GM0126,60,60,59,,,,,,,,,,,,,,,,,,,,,,,,,,,,
De Ronde Venen,476,478,476,478,480,481,482,484,488,487,487,487,490,490,489,487,427,426,428,425,425,426,428,437,441,445,448,451,457,460,461
Roosendaal,,,684,692,695,705,720,728,734,732,730,730,727,726,727,728,729,728,725,723,722,723,725,723,723,725,725,725,729,728,730
GM0838,1106,1116,,,,,,,,,,,,,,,,,,,,,,,,,,,,,
GM0839,910,,,,,,,,,,,,,,,,,,,,,,,,,,,,,,
GM0276,248,249,249,251,,,,,,,,,,,,,,,,,,,,,,,,,,,
Rotterdam,2928,2901,2844,2846,2856,2841,2853,2870,2905,2901,2889,2859,2837,2831,2874,2903,2923,2952,2951,2960,2986,2920,2943,2936,2963,2993,2995,3001,3040,3070,3081
GM0600,3168,3142,3101,3073,3008,2982,2955,2970,2934,2919,2902,2861,2824,2796,2759,2763,,,,,,,,,,,,,,,
Rozendaal,42,42,42,42,45,51,54,55,55,54,54,54,55,54,54,54,54,54,54,54,54,54,54,56,59,61,62,63,63,66,66
Rucphen,362,363,346,346,347,349,351,351,351,351,350,348,348,349,350,349,348,347,346,344,345,346,347,348,350,355,358,362,367,372,373
GM0127,62,63,64,,,,,,,,,,,,,,,,,,,,,,,,,,,,
GM0128,90,92,93,,,,,,,,,,,,,,,,,,,,,,,,,,,,
GM0278,122,122,123,123,122,121,125,128,132,134,,,,,,,,,,,,,,,,,,,,,
GM0704,143,143,142,143,143,143,142,142,,,,,,,,,,,,,,,,,,,,,,,
GM0604,2275,2281,2259,2248,2248,2306,2317,2298,2324,2322,2324,,,,,,,,,,,,,,,,,,,,
Schagen,908,914,917,916,910,911,908,913,928,965,987,995,1013,1012,996,995,990,989,275,274,275,275,275,276,277,276,277,279,282,284,288
GM0039,121,122,124,125,125,125,126,126,126,125,124,123,123,124,130,,,,,,,,,,,,,,,,
GM0458,80,81,81,81,80,80,80,80,79,80,79,80,84,86,87,87,87,89,90,90,,,,,,,,,,,
Scherpenzeel,658,661,661,660,653,658,661,656,655,654,649,647,646,654,662,675,677,679,682,689,691,691,704,707,716,717,735,748,753,750,764
Schiedam,4040,4077,4117,4118,4132,4147,4176,4202,4181,4171,4164,4164,4151,4140,4178,4191,4201,4230,4234,4247,4270,4282,4323,4371,4376,4417,4448,4472,4528,4596,4618
Schiermonnikoog,27,26,26,26,26,26,26,26,25,25,25,24,23,23,22,21,22,21,26,25,25,25,25,23,23,23,23,22,23,23,23
GM0844,477,539,538,536,539,545,553,564,563,561,553,552,552,551,551,554,555,554,560,562,567,569,,,,,,,,,
GM0962,585,583,581,583,572,570,567,568,565,566,562,558,558,557,560,560,557,549,538,536,540,539,538,537,,,,,,,
GM0607,315,325,332,348,358,366,376,378,380,,,,,,,,,,,,,,,,,,,,,,
GM0129,129,130,131,,,,,,,,,,,,,,,,,,,,,,,,,,,,
GM0608,1890,1878,1864,1856,1852,1853,1857,1908,1934,1942,1939,1936,1932,1923,1913,1910,1901,1884,1890,1896,,,,,,,,,,,
GM0444,201,200,201,199,200,201,,,,,,,,,,,,,,,,,,,,,,,,,
Schouwen-Duiveland,,,140,142,143,135,138,139,149,149,149,149,148,147,147,148,149,148,148,147,147,147,147,147,147,147,148,149,151,151,151
GM0964,141,143,146,149,150,149,149,150,152,154,156,157,159,159,160,,,,,,,,,,,,,,,,
Simpelveld,741,735,734,729,725,723,717,712,714,713,713,706,706,699,692,686,684,681,682,677,676,670,659,659,656,658,654,650,649,640,641
Sint Anthonis,,113,115,116,116,116,117,118,119,119,118,118,118,119,119,119,119,119,118,118,117,117,117,117,117,117,118,,,,
Sint-Michielsgestel,586,452,457,458,465,469,472,474,474,473,473,475,474,477,479,477,477,481,480,481,486,486,489,491,497,500,505,510,516,516,517
GM0846,256,261,264,264,263,263,265,265,264,263,262,264,266,267,271,275,277,278,278,278,278,278,,,,,,,,,
GM0968,1520,1542,1567,1581,1589,1596,,,,,,,,,,,,,,,,,,,,,,,,,
Sittard-Geleen,,,,,,,1226,1226,1225,1221,1215,1223,1218,1211,1206,1205,1200,1196,1190,1186,1186,1184,1181,1177,1173,1170,1161,1167,1173,1179,1177
GM0051,137,139,141,141,141,142,145,146,146,145,145,146,145,146,147,147,148,149,148,,,,,,,,,,,,
GM0130,115,115,116,,,,,,,,,,,,,,,,,,,,,,,,,,,,
Sliedrecht,1877,1870,1871,1880,1867,1860,1857,1868,1864,1865,1870,1863,1861,1861,1866,1878,1875,1888,1901,1911,1929,1946,1949,1949,1950,1965,1994,2016,2038,2044,2071
GM0040,93,94,96,96,96,97,97,98,99,98,98,99,100,103,103,103,103,103,104,103,103,104,110,,,,,,,,
Sluis,,,,,,,,,89,88,88,87,87,87,86,86,86,85,85,85,85,85,85,84,84,83,83,83,83,83,83
GM1698,78,78,78,79,78,79,80,80,,,,,,,,,,,,,,,,,,,,,,,
Smallingerland,420,419,425,429,434,440,444,448,454,456,459,463,464,464,467,467,469,469,471,471,473,471,473,476,477,479,478,477,479,484,487
GM0131,153,153,154,,,,,,,,,,,,,,,,,,,,,,,,,,,,
GM0091,965,972,985,1000,1020,1039,1055,1067,1089,1088,1090,1097,1100,1104,1106,1111,,,,,,,,,,,,,,,
Soest,926,932,940,953,955,958,966,967,968,971,975,978,981,985,988,987,986,986,984,984,983,984,992,997,999,1008,1014,1019,1026,1031,1038
Someren,216,218,225,226,226,228,230,231,230,228,226,226,226,227,227,227,228,231,232,233,233,236,237,238,241,241,242,246,250,252,252
Son en Breugel,553,555,561,556,557,564,568,568,577,579,584,590,590,596,599,599,603,610,622,626,630,633,641,646,651,667,676,685,694,692,699
GM0612,2675,2666,2701,2707,2719,2765,2795,2844,2880,2873,2857,2852,2829,2799,2784,2777,2766,2763,2773,2780,,,,,,,,,,,
GM0849,404,408,,,,,,,,,,,,,,,,,,,,,,,,,,,,,
GM1691,112,,,,,,,,,,,,,,,,,,,,,,,,,,,,,,
GM0179,1260,1264,1264,1258,1257,1231,,,,,,,,,,,,,,,,,,,,,,,,,
Stadskanaal,280,281,280,279,278,280,284,285,286,286,287,290,290,287,284,284,281,280,280,279,277,277,274,274,270,269,270,271,273,272,272
GM0850,219,223,,,,,,,,,,,,,,,,,,,,,,,,,,,,,
Staphorst,108,109,112,113,113,113,114,115,116,117,117,118,118,119,119,120,121,121,121,122,122,123,124,125,127,128,129,129,132,132,134
Stede Broec,1330,1362,1376,1397,1427,1427,1421,1424,1433,1448,1454,1447,1444,1446,1449,1447,1463,1467,1473,1477,1478,1477,1481,1494,1497,1498,1500,1515,1529,1534,1537
Steenbergen,172,174,156,157,158,159,159,159,160,160,160,159,159,158,158,158,159,159,160,159,161,160,164,169,171,167,166,166,168,167,168
GM0280,95,97,98,99,100,101,102,103,104,104,,,,,,,,,,,,,,,,,,,,,
GM0181,259,262,267,270,275,274,140,142,,,,,,,,,,,,,,,,,,,,,,,
Steenwijkerland,,,,,,,,,145,147,147,148,148,149,149,149,149,150,150,150,149,150,150,152,152,153,154,155,157,158,159
Stein,1254,1246,1242,1237,1233,1235,1240,1243,1254,1254,1262,1257,1242,1230,1220,1211,1215,1211,1207,1205,1183,1188,1187,1185,1184,1186,1180,1185,1184,1183,1178
Stichtse Vecht,,,,,,,,,,,,,,,,,653,655,657,661,662,666,670,671,669,676,678,679,685,686,689
GM0973,418,418,419,,,,,,,,,,,,,,,,,,,,,,,,,,,,
GM0617,173,174,176,182,185,185,183,181,181,182,181,180,179,177,175,174,174,174,174,172,173,174,175,174,,,,,,,
Súdwest-Fryslân,,,,,,,,,,,,,,,,,191,191,192,185,185,185,185,172,172,172,172,173,174,173,173
GM0974,445,443,440,440,439,441,467,467,,,,,,,,,,,,,,,,,,,,,,,
GM0975,368,367,367,375,376,379,380,381,387,391,393,396,,,,,,,,,,,,,,,,,,,
GM0976,1899,1919,1924,1916,1904,1905,,,,,,,,,,,,,,,,,,,,,,,,,
GM0853,339,339,,,,,,,,,,,,,,,,,,,,,,,,,,,,,
Terneuzen,297,294,290,290,290,289,289,289,221,220,220,220,220,219,220,219,219,218,218,218,218,218,218,217,218,217,218,218,220,220,222
Terschelling,51,52,55,54,54,54,54,54,54,54,54,54,54,54,55,55,55,55,57,57,58,58,58,58,57,57,57,57,57,56,56
GM0854,399,401,,,,,,,,,,,,,,,,,,,,,,,,,,,,,
Texel,82,82,83,84,83,84,85,86,85,85,85,84,84,83,85,86,85,85,85,84,84,84,84,84,84,84,84,84,86,85,85
Teylingen,,,,,,,,,,,,1212,1224,1234,1240,1248,1258,1250,1254,1252,1249,1266,1269,1289,1306,1319,1331,1340,1360,1358,1356
Tholen,153,155,157,159,160,160,161,162,162,165,167,169,171,172,172,173,173,174,174,173,173,173,174,174,176,176,178,180,183,183,184
GM0977,443,441,453,455,457,445,447,444,440,438,450,447,,,,,,,,,,,,,,,,,,,
Tiel,1123,1148,1177,1201,1234,1268,1311,1243,1254,1257,1255,1269,1276,1274,1272,1276,1276,1287,1295,1268,1262,1262,1262,1261,1277,1282,1275,1289,1299,1292,1298
Tilburg,2073,2073,1557,1580,1623,1645,1668,1681,1701,1708,1711,1708,1716,1723,1734,1746,1759,1770,1779,1794,1805,1817,1824,1855,1870,1892,1762,1783,1809,1826,1830
Tubbergen,132,133,134,135,135,136,136,137,138,138,140,140,141,141,143,144,144,144,144,144,144,144,144,144,145,145,145,145,146,146,146
Twenterand,,,,,,,,,314,315,316,315,315,315,316,316,317,319,320,319,319,318,318,319,318,318,317,318,319,321,321
Tynaarlo,,,,,,219,220,221,223,224,225,223,221,223,225,226,226,225,226,227,227,229,232,234,236,237,238,240,242,243,245
Tytsjerksteradiel,203,205,206,205,206,205,206,208,212,214,214,215,216,216,215,216,215,215,214,214,214,215,214,214,213,215,215,217,218,219,221
GM0282,277,279,276,274,275,273,274,273,272,275,278,277,276,275,277,276,277,278,282,280,,,,,,,,,,,
Uden,553,560,565,573,584,587,592,593,598,597,599,599,599,598,601,604,607,609,611,610,613,615,617,623,624,629,631,,,,
GM0857,337,337,,,,,,,,,,,,,,,,,,,,,,,,,,,,,
Uitgeest,526,535,557,574,577,589,608,613,614,614,615,621,629,636,648,660,668,672,682,691,694,697,703,705,706,713,711,708,703,700,701
Uithoorn,1354,1377,1390,1411,1426,1433,1441,1451,1458,1463,1474,1468,1475,1504,1512,1534,1539,1552,1557,1558,1575,1601,1602,1623,1622,1625,1665,1712,1735,1749,1772
Urk,2143,2172,2206,2243,2282,2326,1401,1423,1452,1477,1496,1516,1527,1548,1566,1587,1620,1644,1670,1692,1712,1737,1757,1783,1579,1599,1614,1634,1661,1671,1687
Utrecht,3840,3817,3809,3789,3789,3805,2664,2708,2771,2825,2877,2947,3025,3091,3165,3245,3301,3353,3415,3481,3545,3600,3644,3703,3761,3811,3830,3857,3924,3991,4018
Utrechtse Heuvelrug,,,,,,,,,,,,370,370,371,370,369,368,365,364,363,364,367,371,374,375,376,378,379,382,383,386
Vaals,460,457,455,455,460,453,454,449,445,436,428,421,417,412,411,413,411,409,410,406,406,403,406,413,422,423,422,424,427,424,419
GM0283,261,279,282,281,283,290,,,,,,,,,,,,,,,,,,,,,,,,,
GM0619,617,644,639,641,644,648,673,676,746,755,768,,,,,,,,,,,,,,,,,,,,
Valkenburg aan de Geul,492,494,495,491,488,487,487,486,487,484,478,471,468,466,465,466,463,461,458,454,452,450,448,447,448,446,446,440,447,447,448
GM0720,223,222,,,,,,,,,,,,,,,,,,,,,,,,,,,,,
Valkenswaard,591,596,571,569,567,566,564,567,566,565,565,563,562,561,561,559,557,557,557,552,551,551,556,558,563,568,569,569,574,578,582
Veendam,365,368,373,371,367,368,370,369,372,371,371,370,369,368,368,368,368,367,367,366,364,361,362,362,362,360,361,362,364,362,365
Veenendaal,3028,3101,3176,2959,3010,3049,3075,3089,3108,3116,3130,3146,3148,3152,3164,3166,3191,3222,3232,3243,3253,3275,3299,3336,3370,3417,3438,3484,3528,3575,3622
Veere,126,127,167,167,167,166,166,166,166,166,166,165,165,165,165,165,165,165,165,164,165,165,165,165,165,165,166,164,166,166,165
GM0860,439,443,446,452,457,462,465,466,466,471,472,471,470,472,475,477,479,480,479,479,483,487,,,,,,,,,
Veldhoven,1262,1190,1287,1308,1318,1325,1341,1348,1349,1341,1348,1378,1365,1357,1356,1363,1374,1383,1390,1392,1392,1397,1411,1418,1431,1435,1436,1446,1465,1478,1503
Velsen,1428,1450,1472,1476,1474,1499,1509,1518,1520,1523,1520,1514,1513,1511,1513,1507,1511,1503,1499,1501,1500,1506,1509,1501,1512,1519,1518,1521,1528,1538,1555
GM0454,208,207,206,209,215,217,222,223,224,222,221,,,,,,,,,,,,,,,,,,,,
Venlo,1240,1217,1211,1211,1214,1220,1067,1078,1084,1088,1090,1088,1088,1086,1080,802,799,800,803,806,806,807,812,814,818,819,821,823,832,836,837
Venray,246,249,251,254,257,259,261,264,269,268,268,268,268,268,269,261,262,263,263,264,264,265,267,265,265,267,268,269,273,274,275
GM0862,111,111,,,,,,,,,,,,,,,,,,,,,,,,,,,,,
GM0620,486,487,486,485,484,485,486,491,500,503,501,499,499,498,499,498,499,499,501,499,500,498,503,509,,,,,,,
GM0863,138,140,141,,,,,,,,,,,,,,,,,,,,,,,,,,,,
Vijfheerenlanden,,,,,,,,,,,,,,,,,,,,,,,,,381,388,395,402,411,422,428
Vlaardingen,3085,3097,3123,3118,3097,3088,3094,3105,3128,3117,3089,3063,3017,2992,2977,2981,3015,3005,2999,3002,3031,3038,3046,3057,3072,3114,3137,3174,3214,3270,3307
GM0048,94,94,94,95,96,97,97,98,99,101,99,99,99,97,97,97,97,97,96,95,97,98,95,,,,,,,,
GM0132,80,83,85,,,,,,,,,,,,,,,,,,,,,,,,,,,,
GM0347,584,610,657,700,704,731,,,,,,,,,,,,,,,,,,,,,,,,,
Vlieland,28,28,29,28,28,30,30,29,31,29,28,31,31,31,32,32,32,31,31,31,31,31,31,29,29,30,31,29,31,30,29
GM0864,675,649,,,,,,,,,,,,,,,,,,,,,,,,,,,,,
Vlissingen,1293,1290,1304,1309,1303,1296,1309,1328,1324,1325,1329,1320,1318,1312,1309,1307,1303,1302,1300,1300,1301,1298,1296,1296,1293,1293,1293,1297,1314,1321,1331
GM0623,182,184,184,185,185,184,184,184,182,182,182,183,182,183,182,181,183,182,181,180,,,,,,,,,,,
Voerendaal,418,416,416,416,414,414,417,417,415,412,411,411,407,405,404,403,402,402,400,395,393,396,395,393,395,396,396,394,394,393,399
GM0624,6382,6335,6307,6266,6178,6169,6195,,,,,,,,,,,,,,,,,,,,,,,,
GM0625,925,953,968,986,1040,1105,1133,1167,1178,1206,1217,,,,,,,,,,,,,,,,,,,,
GM1992,,,,,,,,,,,,,,,,,,,,,,,,,,,,,607,610,612
Voorschoten,2022,2026,2045,2046,2036,2023,2020,2014,2010,2007,2026,2040,2031,2038,2058,2100,2139,2179,2210,2237,2254,2258,2267,2284,2287,2297,2302,2306,2309,2306,2331
Voorst,193,193,193,192,192,192,192,193,192,192,191,191,191,192,193,193,193,193,193,193,194,195,197,198,199,200,202,203,205,206,208
GM0286,124,125,126,125,124,126,126,127,126,125,,,,,,,,,,,,,,,,,,,,,
GM0133,90,90,91,,,,,,,,,,,,,,,,,,,,,,,,,,,,
GM0186,263,264,270,270,271,273,312,312,,,,,,,,,,,,,,,,,,,,,,,
Vught,663,735,747,746,748,755,759,763,754,751,753,753,753,756,755,758,766,770,763,765,772,775,782,789,782,787,527,530,535,539,550
Waadhoeke,,,,,,,,,,,,,,,,,,,,,,,,161,162,162,162,162,164,164,164
Waalre,728,734,709,716,722,725,726,722,728,735,734,735,737,744,737,737,736,737,747,749,754,760,755,763,770,780,784,787,803,804,800
Waalwijk,1318,1318,686,691,697,699,699,701,704,705,707,707,706,705,707,707,715,719,719,720,723,728,734,739,747,753,756,765,774,779,794
Waddinxveen,930,928,937,957,961,955,962,964,962,944,941,933,927,918,912,911,908,906,901,912,917,933,949,993,1019,1055,1097,1129,1175,1225,1262
Wageningen,1064,1068,1077,1071,1087,1091,1103,1109,1141,1151,1154,1159,1171,1188,1205,1227,1202,1215,1228,1228,1240,1244,1264,1263,1275,1304,1303,1313,1347,1400,1407
GM0628,502,518,526,527,525,520,512,502,498,498,490,,,,,,,,,,,,,,,,,,,,
GM0291,545,543,544,539,537,532,544,543,537,548,,,,,,,,,,,,,,,,,,,,,
GM0869,279,281,,,,,,,,,,,,,,,,,,,,,,,,,,,,,
Wassenaar,509,508,516,515,513,512,512,508,505,502,503,501,501,504,508,507,507,506,504,504,505,506,509,510,513,515,527,530,529,530,538
GM0630,1694,1701,1713,1708,1708,1718,1762,1800,1841,,,,,,,,,,,,,,,,,,,,,,
Waterland,343,342,342,338,334,333,330,329,329,331,333,331,330,327,325,327,329,326,328,329,329,332,332,331,332,334,332,334,339,337,338
GM0188,99,100,101,101,101,101,,,,,,,,,,,,,,,,,,,,,,,,,
Weert,449,453,457,454,456,458,460,463,466,466,465,465,464,462,463,464,465,466,465,466,468,470,475,478,478,480,479,483,488,490,493
Weesp,872,873,870,869,880,875,874,867,869,867,859,853,854,855,856,859,877,879,885,886,895,815,822,840,848,866,897,914,,,
GM0292,285,286,286,284,285,284,285,286,287,287,,,,,,,,,,,,,,,,,,,,,
GM0870,274,276,241,242,244,245,246,247,251,251,253,253,253,252,252,252,252,253,253,253,253,260,263,267,,,,,,,
GM0459,344,353,352,357,355,361,362,362,361,362,365,365,363,367,372,375,,,,,,,,,,,,,,,
West Betuwe,,,,,,,,,,,,,,,,,,,,,,,,,235,237,238,241,244,245,247
West Maas en Waal,224,226,228,229,229,232,233,233,235,235,236,237,236,237,237,238,236,237,238,238,240,242,244,246,249,252,255,258,263,267,270
GM0134,59,59,61,,,,,,,,,,,,,,,,,,,,,,,,,,,,
GM0871,172,171,,,,,,,,,,,,,,,,,,,,,,,,,,,,,
GM0558,218,219,219,219,220,223,225,227,228,231,233,235,,,,,,,,,,,,,,,,,,,
Westerkwartier,,,,,,,,,,,,,,,,,,,,,,,,,174,175,176,177,179,179,179
GM0725,102,103,,,,,,,,,,,,,,,,,,,,,,,,,,,,,
Westerveld,,,,66,67,67,68,68,68,68,69,69,69,69,69,69,69,69,69,68,69,68,69,69,70,70,71,71,71,72,72
Westervoort,2237,2252,2239,2234,2248,2263,2253,2262,2274,2261,2244,2218,2199,2182,2154,2148,2174,2168,2167,2158,2137,2135,2133,2136,2126,2130,2136,2131,2155,2160,2168
Westerwolde,,,,,,,,,,,,,,,,,,,,,,,,90,91,93,95,96,96,96,99
GM0726,316,318,,,,,,,,,,,,,,,,,,,,,,,,,,,,,
Westland,,,,,,,,,,1217,1225,1233,1240,1246,1250,1254,1255,1282,1291,1298,1311,1292,1300,1323,1336,1358,1370,1392,1423,1436,1448
Weststellingwerf,109,110,110,110,111,112,113,113,116,117,117,115,115,116,117,117,117,117,116,115,116,116,116,117,117,118,119,119,120,120,121
Westvoorne,254,258,259,259,259,258,258,264,266,267,266,267,265,264,263,264,263,261,261,262,265,267,268,273,275,277,280,281,,,
Wierden,238,236,236,238,241,243,246,246,247,247,248,249,248,247,248,247,249,251,251,252,252,253,256,256,257,258,259,260,263,264,268
GM0462,318,320,315,314,312,310,312,314,312,316,321,323,324,321,323,322,321,,,,,,,,,,,,,,
GM0463,62,62,62,62,63,63,63,65,65,65,64,64,65,65,64,65,64,,,,,,,,,,,,,,
Wijchen,537,545,548,558,559,569,574,580,592,597,597,593,593,596,600,603,609,613,619,619,617,616,617,617,619,621,624,626,629,629,634
Wijdemeren,,,,,,,,480,484,486,485,487,490,487,487,489,487,487,485,484,484,489,492,497,504,512,514,515,519,518,519
GM0190,139,138,139,139,141,142,,,,,,,,,,,,,,,,,,,,,,,,,
GM0135,122,122,124,,,,,,,,,,,,,,,,,,,,,,,,,,,,
Wijk bij Duurstede,951,460,471,480,484,484,486,487,490,494,495,493,491,489,488,486,486,485,484,485,488,491,493,497,499,502,502,503,504,503,501
GM0872,192,194,,,,,,,,,,,,,,,,,,,,,,,,,,,,,
GM0052,857,852,861,862,859,863,872,870,854,854,852,855,854,849,890,,,,,,,,,,,,,,,,
GM0053,133,135,138,138,137,138,139,139,141,141,142,139,139,138,139,139,139,138,138,137,136,135,134,134,,,,,,,
Winterswijk,203,204,206,206,206,206,207,208,210,212,212,211,212,211,210,210,210,210,210,209,210,210,210,210,209,209,210,211,212,212,212
GM0295,274,273,273,274,272,271,270,270,270,270,,,,,,,,,,,,,,,,,,,,,
GM0990,184,184,185,184,,,,,,,,,,,,,,,,,,,,,,,,,,,
Woensdrecht,240,239,225,227,227,229,234,235,235,233,231,231,234,236,237,236,237,237,236,236,236,237,238,238,239,239,240,241,242,242,242
Woerden,551,556,562,571,570,578,525,532,533,537,537,535,537,541,547,552,557,560,564,566,567,573,577,584,589,590,595,597,601,607,610
GM0466,352,352,355,362,366,371,375,376,380,378,380,384,,,,,,,,,,,,,,,,,,,
De Wolden,,,,104,104,105,106,106,107,106,106,106,105,105,105,105,105,106,106,105,105,106,106,107,107,108,109,109,110,110,110
Wormerland,375,377,378,382,386,393,398,400,400,406,408,407,409,410,410,409,408,407,407,408,407,406,410,414,423,422,423,425,431,430,426
Woudenberg,287,291,297,299,297,299,302,302,306,308,308,307,313,318,322,327,329,329,337,340,342,344,348,356,360,366,373,380,393,401,404
GM0874,279,279,280,280,281,283,287,290,291,289,291,291,290,292,291,292,292,292,293,293,292,294,294,297,,,,,,,
GM0875,165,165,,,,,,,,,,,,,,,,,,,,,,,,,,,,,
GM0710,72,73,73,74,74,74,75,75,75,75,75,75,75,75,75,75,,,,,,,,,,,,,,,
GM0683,108,110,111,112,113,114,115,117,117,118,118,117,117,116,116,117,,,,,,,,,,,,,,,
Zaanstad,1788,1792,1810,1813,1820,1822,1827,1848,1878,1883,1883,1890,1905,1925,1950,1968,1989,2007,2024,2037,2048,2064,2080,2097,2110,2123,2124,2131,2165,2189,2208
Zaltbommel,1081,1095,1119,1124,314,317,319,320,325,328,327,329,329,328,329,331,335,336,338,341,344,346,348,353,358,364,371,381,386,386,387
Zandvoort,491,485,482,484,485,496,509,525,526,526,521,519,517,519,517,518,519,519,517,517,520,523,526,528,530,533,535,533,547,545,542
GM0707,184,184,183,184,185,186,185,184,184,184,184,183,183,182,182,182,181,182,184,185,186,187,188,191,,,,,,,
GM0478,156,157,160,164,165,167,167,167,166,166,164,164,165,165,165,166,167,167,166,167,166,,,,,,,,,,
Zeewolde,52,53,57,61,66,69,74,77,78,77,77,78,79,82,84,84,85,86,86,87,88,89,91,91,90,92,93,94,96,97,98
Zeist,1216,1220,1225,1220,1233,1237,1233,1230,1232,1244,1245,1245,1244,1247,1245,1243,1254,1262,1266,1263,1271,1283,1295,1305,1318,1338,1341,1361,1374,1374,1375
GM0298,137,137,138,138,138,138,137,137,137,138,,,,,,,,,,,,,,,,,,,,,
Zevenaar,982,986,987,978,968,961,958,956,951,953,586,591,596,595,596,598,605,609,608,606,606,606,608,469,470,472,476,482,486,486,488
GM0878,331,331,228,229,,,,,,,,,,,,,,,,,,,,,,,,,,,
GM1666,337,336,335,334,332,332,334,337,340,341,344,346,347,345,348,,,,,,,,,,,,,,,,
GM0732,438,441,,,,,,,,,,,,,,,,,,,,,,,,,,,,,
GM0476,117,117,119,118,118,117,118,119,119,120,121,122,122,121,122,122,122,122,,,,,,,,,,,,,
Zoetermeer,2923,2967,3006,3023,3043,3089,3095,3104,3225,3271,3316,3383,3413,3456,3498,3517,3528,3540,3565,3578,3592,3597,3616,3620,3627,3637,3637,3653,3689,3730,3772
Zoeterwoude,402,404,406,406,406,409,409,408,404,401,401,401,396,391,386,383,382,384,382,380,382,382,394,398,399,406,417,440,446,460,479
GM0056,141,142,143,143,142,144,144,145,144,144,146,147,147,146,147,148,148,149,149,150,149,150,150,151,,,,,,,
GM0136,331,331,326,218,218,,,,,,,,,,,,,,,,,,,,,,,,,,
Zuidplas,,,,,,,,,,,,,,,,681,682,685,683,685,683,686,695,722,737,756,777,790,811,825,841
GM0137,104,104,105,,,,,,,,,,,,,,,,,,,,,,,,,,,,
Zundert,159,159,166,166,167,167,168,169,169,170,171,173,173,174,175,175,176,176,176,177,177,178,179,178,179,181,182,185,187,187,189
Zutphen,1316,1351,1394,1423,1441,1473,1495,1516,1561,1546,1127,1139,1139,1142,1147,1145,1149,1150,1153,1151,1143,1147,1156,1161,1163,1170,1175,1181,1186,1191,1198
Zwartewaterland,,,,,,,265,266,268,266,264,264,265,265,265,265,266,267,268,268,268,269,270,272,273,275,277,279,284,285,285
GM0192,383,381,380,386,383,402,,,,,,,,,,,,,,,,,,,,,,,,,
GM0138,49,50,51,,,,,,,,,,,,,,,,,,,,,,,,,,,,
Zwijndrecht,2886,2869,2870,2860,2834,2821,2814,2819,2213,2229,2220,2188,2179,2182,2176,2180,2184,2187,2193,2190,2188,2185,2183,2196,2199,2204,2206,2206,2217,2210,2200
Zwolle,1048,1055,1068,1076,1095,1110,948,962,981,989,998,1013,1027,1042,1057,1069,1081,1091,1101,1106,1113,1122,1128,1135,1148,1160,1169,1181,1196,1203,1209

